Class;Indegree_01;Outdegree_01;Indegree_02;Outdegree_02;Indegree_03;Outdegree_03;Indegree_04;Outdegree_04;Indegree_05;Outdegree_05;Indegree_06;Outdegree_06;Indegree_07;Outdegree_07;Indegree_08;Outdegree_08;Indegree_09;Outdegree_09;Indegree_10;Outdegree_10;Indegree_11;Outdegree_11;Indegree_12;Outdegree_12;Indegree_13;Outdegree_13;Indegree_14;Outdegree_14;Indegree_15;Outdegree_15;Indegree_16;Outdegree_16;Indegree_17;Outdegree_17;Indegree_18;Outdegree_18;Indegree_19;Outdegree_19;Indegree_20;Outdegree_20;Indegree_21;Outdegree_21;Indegree_22;Outdegree_22;Indegree_23;Outdegree_23;Indegree_24;Outdegree_24;Indegree_25;Outdegree_25;Indegree_26;Outdegree_26;Indegree_27;Outdegree_27;Indegree_28;Outdegree_28;Indegree_29;Outdegree_29;Indegree_30;Outdegree_30;Indegree_31;Outdegree_31;Indegree_32;Outdegree_32;Indegree_33;Outdegree_33;Indegree_34;Outdegree_34;Indegree_35;Outdegree_35;Indegree_36;Outdegree_36;Indegree_37;Outdegree_37;Indegree_38;Outdegree_38;Indegree_39;Outdegree_39
org.argouml.persistence.UmlFilePersister;0;2;0;1;0;2;0;2;0;2;0;1;0;2;0;2;0;1;0;2;0;2;0;2;0;1;0;2;0;2;0;2;0;2;0;1;0;1;0;2;0;2;0;2;0;2;0;2;0;2;0;1;0;1;0;2;0;2;0;2;0;1;0;2;0;2;0;2;0;2;0;1;0;2;0;1;0;1
org.argouml.uml.diagram.Relocatable;1;0;0;0;1;0;0;0;1;0;0;0;0;0;0;0;0;0;1;0;0;0;1;0;0;0;1;0;1;0;1;0;1;0;0;0;0;0;1;0;1;0;0;0;1;0;1;0;0;0;0;0;0;0;1;0;1;0;1;0;0;0;1;0;1;0;1;0;0;0;0;0;1;0;0;0;0;0
org.argouml.persistence.AbstractFilePersister;2;0;2;0;2;0;2;0;2;0;2;0;2;0;2;0;2;0;2;0;2;0;2;0;2;0;2;0;2;0;2;0;2;0;2;0;2;0;2;0;2;0;2;0;2;0;2;0;2;0;2;0;2;0;2;0;2;0;2;0;2;0;2;0;2;0;2;0;2;0;2;0;2;0;2;0;2;0
org.argouml.ui.explorer.rules.GoBehavioralFeatureToStateDiagram;0;1;0;1;0;1;0;1;0;1;0;1;0;1;0;1;0;1;0;1;0;1;0;1;0;1;0;1;0;1;0;1;0;1;0;1;0;1;0;1;0;1;0;1;0;1;0;1;0;1;0;1;0;1;0;1;0;1;0;1;0;1;0;1;0;1;0;1;0;1;0;1;0;1;0;1;0;1
org.argouml.ui.ActionImportXMI;0;2;0;3;0;2;0;2;0;2;0;3;0;2;0;2;0;3;0;2;0;2;0;2;0;3;0;2;0;2;0;2;0;2;0;3;0;3;0;2;0;2;0;2;0;2;0;2;0;2;0;3;0;3;0;2;0;2;0;2;0;3;0;2;0;2;0;2;0;2;0;3;0;2;0;2;0;3
org.argouml.notation.providers.uml.AssociationRoleNotationUml;0;2;0;0;0;2;0;2;0;2;0;0;0;2;0;2;0;0;0;2;0;2;0;2;0;0;0;2;0;2;0;2;0;2;0;0;0;0;0;2;0;2;0;2;0;2;0;2;0;2;0;0;0;0;0;2;0;2;0;2;0;2;0;2;0;2;0;2;0;2;0;0;0;2;0;2;0;0
org.argouml.ui.cmd.ActionPageSetup;0;1;0;1;0;1;0;1;0;1;0;1;0;1;0;1;0;1;0;1;0;1;0;1;0;1;0;1;0;1;0;1;0;1;0;1;0;1;0;1;0;1;0;1;0;1;0;1;0;1;0;1;0;1;0;1;0;1;0;1;0;1;0;1;0;1;0;1;0;1;0;1;0;1;0;1;0;1
org.argouml.uml.diagram.ui.ActionAddConcurrentRegion;0;1;0;1;0;1;0;1;0;1;0;1;0;1;0;1;0;1;0;1;0;1;0;1;0;1;0;1;0;1;0;1;0;1;0;1;0;1;0;1;0;1;0;1;0;1;0;1;0;1;0;1;0;1;0;1;0;1;0;1;0;1;0;1;0;1;0;1;0;1;0;1;0;1;0;1;0;1
org.argouml.uml.diagram.ui.VisibilityContainer;0;0;1;0;0;0;1;0;0;0;1;0;1;0;1;0;1;0;0;0;1;0;0;0;1;0;0;0;0;0;0;0;0;0;1;0;1;0;0;0;0;0;1;0;0;0;0;0;1;0;1;0;1;0;0;0;1;0;0;0;1;0;1;0;0;0;0;0;1;0;1;0;0;0;1;0;1;0
org.argouml.persistence.VersionException;1;0;1;0;1;0;1;0;1;0;1;0;1;0;1;0;1;0;1;0;1;0;1;0;1;0;1;0;1;0;1;0;1;0;1;0;1;0;1;0;1;0;1;0;1;0;1;0;1;0;1;0;1;0;1;0;1;0;1;0;1;0;1;0;1;0;1;0;1;0;1;0;1;0;1;0;1;0
org.argouml.ui.cmd.ActionAdjustGrid;0;1;0;2;0;1;0;1;0;1;0;2;0;1;0;1;0;2;0;1;0;1;0;1;0;2;0;1;0;1;0;1;0;1;0;2;0;2;0;1;0;1;0;1;0;1;0;1;0;1;0;2;0;2;0;1;0;1;0;1;0;2;0;1;0;1;0;1;0;1;0;2;0;1;0;1;0;2
org.argouml.uml.diagram.ui.ActionProperties;0;0;0;1;0;0;0;1;0;0;0;1;0;1;0;1;0;1;0;0;0;1;0;0;0;1;0;0;0;0;0;0;0;0;0;1;0;1;0;0;0;0;0;1;0;0;0;0;0;1;0;1;0;1;0;0;0;1;0;0;0;1;0;1;0;0;0;0;0;1;0;1;0;0;0;1;0;1
org.argouml.ui.ProfileSelectionTab;0;1;0;0;0;0;0;0;0;1;0;0;0;0;0;0;0;0;0;0;0;0;0;1;0;0;0;0;0;0;0;1;0;0;0;0;0;0;0;0;0;0;0;0;0;0;0;1;0;0;0;0;0;0;0;0;0;0;0;0;0;0;0;0;0;0;0;1;0;0;0;0;0;1;0;0;0;0
org.argouml.ui.TreeModelComposite;1;0;1;0;1;0;1;0;1;0;1;0;1;0;1;0;1;0;1;0;1;0;1;0;1;0;1;0;1;0;1;0;1;0;1;0;1;0;1;0;1;0;1;0;1;0;1;0;1;0;1;0;1;0;1;0;1;0;1;0;1;0;1;0;1;0;1;0;1;0;1;0;1;0;1;0;1;0
org.argouml.notation.providers.java.ModelElementNameNotationJava;0;2;0;0;0;2;0;2;0;2;0;0;0;2;0;2;0;0;0;2;0;2;0;2;0;0;0;2;0;2;0;2;0;2;0;0;0;0;0;2;0;2;0;2;0;2;0;2;0;2;0;0;0;0;0;2;0;2;0;2;0;2;0;2;0;2;0;2;0;2;0;0;0;2;0;2;0;0
org.argouml.language.java.generator.CodePieceCollector;0;1;0;0;0;0;0;1;0;1;0;0;0;2;0;2;0;2;0;1;0;2;0;1;0;2;0;1;0;1;0;0;0;2;0;2;0;2;0;1;0;2;0;1;0;0;0;2;0;1;0;2;0;0;0;2;0;1;0;1;0;1;0;0;0;2;0;1;0;0;0;1;0;1;0;2;0;2
org.argouml.ui.StylePanelFigNodeModelElement;0;1;0;1;0;1;0;1;0;1;0;1;0;1;0;1;0;1;0;1;0;1;0;1;0;1;0;1;0;1;0;1;0;1;0;1;0;1;0;1;0;1;0;1;0;1;0;1;0;1;0;1;0;1;0;1;0;1;0;1;0;1;0;1;0;1;0;1;0;1;0;1;0;1;0;1;0;1
org.argouml.cognitive.ui.Wizard;0;0;1;0;0;0;0;0;0;0;1;0;1;0;0;0;1;0;0;0;0;0;0;0;1;0;0;0;0;0;0;0;0;0;1;0;1;0;0;0;0;0;1;0;0;0;0;0;0;0;1;0;1;0;0;0;0;0;0;0;1;0;0;0;0;0;0;0;0;0;1;0;0;0;1;0;1;0
org.argouml.notation.providers.uml.AttributeNotationUml;0;2;0;0;0;2;0;3;0;2;0;0;0;3;0;3;0;0;0;2;0;2;0;2;0;0;0;2;0;2;0;2;0;2;0;0;0;0;0;2;0;2;0;3;0;2;0;2;0;3;0;0;0;0;0;2;0;2;0;2;0;3;0;2;0;2;0;2;0;2;0;0;0;2;0;3;0;0
org.argouml.ui.ProjectSettingsDialog;0;1;0;0;0;1;0;0;0;1;0;0;0;0;0;0;0;0;0;1;0;0;0;1;0;0;0;1;0;1;0;1;0;1;0;0;0;0;0;1;0;1;0;0;0;1;0;1;0;0;0;0;0;0;0;1;0;1;0;1;0;0;0;1;0;1;0;1;0;1;0;0;0;1;0;0;0;0
org.argouml.uml.diagram.sequence.ui.FigMessage;1;0;1;0;1;0;1;0;1;0;1;0;1;0;1;0;1;0;1;0;1;0;1;0;1;0;1;0;1;0;1;0;1;0;1;0;1;0;1;0;1;0;1;0;1;0;1;0;1;0;1;0;1;0;1;0;1;0;1;0;1;0;1;0;1;0;1;0;1;0;1;0;1;0;1;0;1;0
org.argouml.cognitive.Highlightable;2;0;2;0;2;0;2;0;2;0;2;0;2;0;2;0;2;0;2;0;2;0;2;0;2;0;2;0;2;0;2;0;2;0;2;0;2;0;2;0;2;0;2;0;2;0;2;0;2;0;2;0;2;0;2;0;2;0;2;0;2;0;2;0;2;0;2;0;2;0;2;0;2;0;2;0;2;0
org.argouml.cognitive.ui.ToDoTreeRenderer;0;1;0;1;0;1;0;1;0;1;0;1;0;1;0;1;0;1;0;1;0;1;0;1;0;1;0;1;0;1;0;1;0;1;0;1;0;1;0;1;0;1;0;1;0;1;0;1;0;1;0;1;0;1;0;1;0;1;0;1;0;1;0;1;0;1;0;1;0;1;0;1;0;1;0;1;0;1
org.argouml.swingext.SaveSwingWorker;0;0;0;4;0;0;0;0;0;0;0;4;0;0;0;0;0;4;0;0;0;0;0;0;0;4;0;0;0;0;0;0;0;0;0;4;0;4;0;0;0;0;0;0;0;0;0;0;0;0;0;4;0;4;0;0;0;0;0;0;0;0;0;0;0;0;0;0;0;0;0;0;0;0;0;0;0;4
org.argouml.cognitive.Critic;1;2;0;0;1;2;0;0;1;2;0;0;0;0;0;2;0;0;1;2;0;2;1;2;0;0;1;2;1;2;1;2;1;2;0;0;0;0;1;2;1;2;0;0;1;2;1;2;0;0;0;0;0;0;1;2;1;2;1;2;0;0;0;2;1;2;1;2;0;2;0;0;1;2;0;0;0;0
org.argouml.application.events.ArgoStatusEvent;1;0;0;0;1;0;0;0;1;0;0;0;0;0;0;0;0;0;1;0;0;0;1;0;0;0;1;0;1;0;1;0;1;0;0;0;0;0;1;0;1;0;0;0;1;0;1;0;0;0;0;0;0;0;1;0;0;0;1;0;0;0;0;0;1;0;1;0;0;0;0;0;1;0;0;0;0;0
org.argouml.ui.cmd.ActionResolve;0;0;0;1;0;0;0;0;0;0;0;1;0;1;0;0;0;1;0;0;0;0;0;0;0;1;0;0;0;0;0;0;0;0;0;1;0;1;0;0;0;0;0;1;0;0;0;0;0;0;0;1;0;1;0;0;0;0;0;0;0;1;0;0;0;0;0;0;0;0;0;1;0;0;0;1;0;1
org.argouml.moduleloader.ModuleLoader2;0;1;1;2;0;0;0;2;0;1;1;2;1;2;0;2;1;2;0;1;0;2;0;1;1;2;0;1;0;1;0;0;0;1;1;2;1;2;0;1;0;1;1;1;0;0;0;1;0;1;1;2;1;2;0;1;0;0;0;1;1;2;0;0;0;1;0;1;0;0;1;2;0;0;1;2;1;2
org.argouml.cognitive.ui.TabToDoTarget;0;0;0;1;0;0;0;0;0;0;0;1;0;1;0;0;0;1;0;0;0;0;0;0;0;1;0;0;0;0;0;0;0;0;0;1;0;1;0;0;0;0;0;1;0;0;0;0;0;0;0;1;0;1;0;0;0;0;0;0;0;1;0;0;0;0;0;0;0;0;0;1;0;0;0;1;0;1
org.argouml.application.events.ArgoDiagramAppearanceEvent;3;0;0;0;0;0;0;0;3;0;0;0;0;0;0;0;0;0;0;0;0;0;3;0;0;0;0;0;0;0;3;0;0;0;0;0;0;0;0;0;3;0;0;0;3;0;3;0;0;0;0;0;0;0;3;0;0;0;0;0;0;0;0;0;0;0;3;0;0;0;0;0;3;0;0;0;0;0
org.argouml.ui.cmd.ActionNotation;0;2;0;0;0;2;0;0;0;2;0;0;0;0;0;0;0;0;0;2;0;0;0;2;0;0;0;2;0;2;0;2;0;2;0;0;0;0;0;2;0;2;0;0;0;2;0;2;0;0;0;0;0;0;0;2;0;2;0;2;0;0;0;0;0;2;0;2;0;0;0;0;0;2;0;0;0;0
org.argouml.ui.GraphChangeAdapter;0;0;0;1;0;0;0;1;0;0;0;1;0;1;0;0;0;1;0;0;0;0;0;0;0;1;0;0;0;0;0;0;0;0;0;1;0;1;0;0;0;0;0;1;0;0;0;0;0;0;0;1;0;1;0;0;0;0;0;0;0;1;0;0;0;0;0;0;0;0;0;1;0;0;0;1;0;1
org.argouml.notation.InitNotationUml;0;0;0;1;0;0;0;1;0;0;0;1;0;1;0;1;0;1;0;0;0;1;0;0;0;1;0;0;0;0;0;0;0;0;0;1;0;1;0;0;0;0;0;1;0;0;0;0;0;1;0;1;0;1;0;0;0;0;0;0;0;1;0;1;0;0;0;0;0;1;0;1;0;0;0;1;0;1
org.argouml.uml.diagram.activity.ui.UMLActivityDiagram;2;0;2;0;2;0;2;0;2;0;2;0;2;0;2;0;2;0;2;0;2;0;2;0;2;0;2;0;2;0;2;0;2;0;2;0;2;0;2;0;2;0;2;0;2;0;2;0;2;0;2;0;2;0;2;0;2;0;2;0;2;0;2;0;2;0;2;0;2;0;2;0;2;0;2;0;2;0
org.argouml.ui.DisplayTextTree;1;2;1;1;1;2;1;3;1;2;1;1;1;3;1;3;1;1;1;2;1;3;1;2;1;1;1;2;1;2;1;2;1;2;1;1;1;1;1;2;1;2;1;3;1;2;1;2;1;3;1;1;1;1;1;2;1;3;1;3;1;3;1;3;1;3;1;2;1;3;1;1;1;2;1;3;1;1
org.argouml.notation.ui.SettingsTabNotation;0;2;1;4;0;2;1;2;0;2;1;4;1;2;1;2;1;4;0;2;1;2;0;2;1;4;0;2;0;2;0;2;0;2;1;4;1;4;0;2;0;2;1;2;0;2;0;2;1;2;1;4;1;4;0;2;0;2;0;2;1;4;0;2;0;2;0;2;0;2;1;4;0;2;1;2;1;4
org.argouml.uml.diagram.ui.InitDiagramAppearanceUI;0;1;0;0;0;0;0;0;0;1;0;0;0;0;0;0;0;0;0;0;0;0;0;1;0;0;0;1;0;0;0;1;0;0;0;0;0;0;0;1;0;1;0;0;0;1;0;1;0;0;0;0;0;0;0;1;0;0;0;0;0;0;0;0;0;0;0;1;0;0;0;0;0;1;0;0;0;0
org.argouml.ui.ArgoDiagram;0;0;2;4;0;0;0;0;0;0;2;4;0;0;0;0;2;4;0;0;0;0;0;0;2;4;0;0;0;0;0;0;0;0;2;4;2;4;0;0;0;0;0;0;0;0;0;0;0;0;2;4;2;4;0;0;0;0;0;0;2;4;0;0;0;0;0;0;0;0;2;4;0;0;2;4;2;4
org.argouml.persistence.XmiFormatException;1;0;1;0;1;0;1;0;1;0;1;0;1;0;1;0;1;0;1;0;1;0;1;0;1;0;1;0;1;0;1;0;1;0;1;0;1;0;1;0;1;0;1;0;1;0;1;0;1;0;1;0;1;0;1;0;1;0;1;0;1;0;1;0;1;0;1;0;1;0;1;0;1;0;1;0;1;0
org.argouml.ui.SettingsTabProfile;0;1;0;0;0;0;0;0;0;1;0;0;0;0;0;0;0;0;0;0;0;0;0;1;0;0;0;0;0;0;0;1;0;0;0;0;0;0;0;0;0;0;0;0;0;0;0;1;0;0;0;0;0;0;0;0;0;0;0;0;0;0;0;0;0;0;0;1;0;0;0;0;0;1;0;0;0;0
org.argouml.notation.providers.uml.NotationUtilityUml;0;0;0;0;0;0;1;0;0;0;0;0;1;0;1;0;0;0;0;0;1;0;0;0;0;0;0;0;0;0;0;0;0;0;0;0;0;0;0;0;0;0;1;0;0;0;0;0;1;0;0;0;0;0;0;0;1;0;1;0;1;0;1;0;1;0;0;0;1;0;0;0;0;0;1;0;0;0
org.argouml.ui.CmdSetMode;0;1;0;1;0;1;0;1;0;1;0;1;0;1;0;1;0;1;0;1;0;1;0;1;0;1;0;1;0;1;0;1;0;1;0;1;0;1;0;1;0;1;0;1;0;1;0;1;0;1;0;1;0;1;0;1;0;1;0;1;0;1;0;1;0;1;0;1;0;1;0;1;0;1;0;1;0;1
org.argouml.uml.reveng.ConfigPanelExtension;0;0;0;2;0;0;0;0;0;0;0;2;0;0;0;0;0;0;0;0;0;0;0;0;0;2;0;0;0;0;0;0;0;0;0;2;0;2;0;0;0;0;0;0;0;0;0;0;0;0;0;2;0;0;0;0;0;0;0;0;0;2;0;0;0;0;0;0;0;0;0;2;0;0;0;0;0;0
org.argouml.uml.diagram.static_structure.ui.FigClassifierBox;1;0;1;0;1;0;1;0;1;0;1;0;1;0;1;0;1;0;1;0;1;0;1;0;1;0;1;0;1;0;1;0;1;0;1;0;1;0;1;0;1;0;1;0;1;0;1;0;1;0;1;0;1;0;1;0;1;0;1;0;1;0;1;0;1;0;1;0;1;0;1;0;1;0;1;0;1;0
org.argouml.uml.diagram.static_structure.ui.FigClass;1;0;1;0;1;0;1;0;1;0;1;0;1;0;1;0;1;0;1;0;1;0;1;0;1;0;1;0;1;0;1;0;1;0;1;0;1;0;1;0;1;0;1;0;1;0;1;0;1;0;1;0;1;0;1;0;1;0;1;0;1;0;1;0;1;0;1;0;1;0;1;0;1;0;1;0;1;0
org.argouml.ui.targetmanager.ActionAddOperation;0;0;0;1;0;0;0;0;0;0;0;1;0;0;0;0;0;1;0;0;0;0;0;0;0;1;0;0;0;0;0;0;0;0;0;1;0;1;0;0;0;0;0;0;0;0;0;0;0;0;0;1;0;1;0;0;0;0;0;0;0;1;0;0;0;0;0;0;0;0;0;1;0;0;0;0;0;1
org.argouml.uml.diagram.static_structure.layout.ClassdiagramLayouter;1;0;1;0;1;0;1;0;1;0;1;0;1;0;1;0;1;0;1;0;1;0;1;0;1;0;1;0;1;0;1;0;1;0;1;0;1;0;1;0;1;0;1;0;1;0;1;0;1;0;1;0;1;0;1;0;1;0;1;0;1;0;1;0;1;0;1;0;1;0;1;0;1;0;1;0;1;0
org.argouml.swingext.ShortcutField;0;0;0;3;0;0;0;0;0;0;0;3;0;0;0;0;0;3;0;0;0;0;0;0;0;3;0;0;0;0;0;0;0;0;0;3;0;3;0;0;0;0;0;0;0;0;0;0;0;0;0;3;0;3;0;0;0;0;0;0;0;0;0;0;0;0;0;0;0;0;0;0;0;0;0;0;0;3
org.argouml.ocl.OCLEvaluator;0;1;0;1;0;1;0;1;0;1;0;1;0;1;0;1;0;1;0;1;0;1;0;1;0;1;0;1;0;1;0;1;0;1;0;1;0;1;0;1;0;1;0;1;0;1;0;1;0;1;0;1;0;1;0;1;0;1;0;1;0;1;0;1;0;1;0;1;0;1;0;1;0;1;0;1;0;1
org.argouml.application.configuration.ConfigurationHandler;0;0;1;0;0;0;0;0;0;0;1;0;0;0;0;0;0;0;0;0;0;0;0;0;0;0;0;0;0;0;0;0;0;0;0;0;0;0;0;0;0;0;0;0;0;0;0;0;0;0;0;0;1;0;0;0;0;0;0;0;0;0;0;0;0;0;0;0;0;0;0;0;0;0;0;0;0;0
org.argouml.uml.diagram.static_structure.ui.FigPackage;1;1;1;2;1;1;1;2;1;2;1;1;1;2;1;1;1;1;1;2;1;2;1;2;1;2;1;2;1;1;1;1;1;1;1;2;1;1;1;1;1;1;1;2;1;2;1;1;1;1;1;2;1;1;1;1;1;1;1;1;1;2;1;1;1;1;1;2;1;2;1;1;1;1;1;2;1;2
org.argouml.ui.explorer.PerspectiveComboBox;0;0;1;0;0;0;1;0;1;0;0;0;1;0;0;0;0;0;1;0;1;0;1;0;1;0;1;0;0;0;0;0;0;0;1;0;0;0;0;0;0;0;1;0;1;0;0;0;0;0;1;0;0;0;0;0;0;0;0;0;1;0;0;0;0;0;1;0;1;0;0;0;0;0;1;0;1;0
org.argouml.application.events.ArgoNotationEvent;6;0;6;0;6;0;6;0;6;0;6;0;6;0;6;0;6;0;6;0;6;0;6;0;6;0;6;0;6;0;6;0;6;0;6;0;6;0;6;0;6;0;6;0;6;0;6;0;6;0;6;0;6;0;6;0;6;0;6;0;6;0;6;0;6;0;6;0;6;0;6;0;6;0;6;0;6;0
org.argouml.ui.explorer.rules.GoOperationToCollaborationDiagram;0;0;0;1;0;0;0;1;0;0;0;1;0;1;0;1;0;1;0;0;0;1;0;0;0;1;0;0;0;0;0;0;0;0;0;1;0;1;0;0;0;0;0;1;0;0;0;0;0;1;0;1;0;1;0;0;0;0;0;0;0;1;0;0;0;0;0;0;0;1;0;1;0;0;0;1;0;1
org.argouml.uml.diagram.ui.ArgoFigText;0;1;0;0;0;0;0;0;0;1;0;0;0;0;0;0;0;0;0;0;0;0;0;1;0;0;0;0;0;0;0;1;0;0;0;0;0;0;0;0;0;1;0;0;0;1;0;1;0;0;0;0;0;0;0;1;0;0;0;0;0;0;0;0;0;0;0;1;0;0;0;0;0;1;0;0;0;0
org.argouml.notation.providers.java.AssociationEndNameNotationJava;0;2;0;0;0;2;0;2;0;2;0;0;0;2;0;2;0;0;0;2;0;2;0;2;0;0;0;2;0;2;0;2;0;2;0;0;0;0;0;2;0;2;0;2;0;2;0;2;0;2;0;0;0;0;0;2;0;2;0;2;0;2;0;2;0;2;0;2;0;2;0;0;0;2;0;2;0;0
org.argouml.ui.cmd.ActionAboutArgoUML;0;1;0;1;0;1;0;1;0;1;0;1;0;1;0;1;0;1;0;1;0;1;0;1;0;1;0;1;0;1;0;1;0;1;0;1;0;1;0;1;0;1;0;1;0;1;0;1;0;1;0;1;0;1;0;1;0;1;0;1;0;1;0;1;0;1;0;1;0;1;0;1;0;1;0;1;0;1
org.argouml.cognitive.ui.WizStepChoice;0;1;0;1;0;1;0;1;0;1;0;1;0;1;0;1;0;1;0;1;0;1;0;1;0;1;0;1;0;1;0;1;0;1;0;1;0;1;0;1;0;1;0;1;0;1;0;1;0;1;0;1;0;1;0;1;0;1;0;1;0;1;0;1;0;1;0;1;0;1;0;1;0;1;0;1;0;1
org.argouml.notation.ui.ActionNotation;0;0;1;0;0;0;1;0;0;0;1;0;1;0;1;0;1;0;0;0;1;0;0;0;1;0;0;0;0;0;0;0;0;0;1;0;1;0;0;0;0;0;1;0;0;0;0;0;1;0;1;0;1;0;0;0;0;0;0;0;1;0;1;0;0;0;0;0;1;0;1;0;0;0;1;0;1;0
org.argouml.uml.diagram.static_structure.ui.FigInterface;1;0;1;0;1;0;1;0;1;0;1;0;1;0;1;0;1;0;1;0;1;0;1;0;1;0;1;0;1;0;1;0;1;0;1;0;1;0;1;0;1;0;1;0;1;0;1;0;1;0;1;0;1;0;1;0;1;0;1;0;1;0;1;0;1;0;1;0;1;0;1;0;1;0;1;0;1;0
org.argouml.application.api.ProgressMonitor;0;0;8;1;0;0;0;0;0;0;8;1;0;0;0;0;8;0;0;0;0;0;0;0;8;0;0;0;0;0;0;0;0;0;8;0;8;0;0;0;0;0;0;0;0;0;0;0;0;0;8;0;8;1;0;0;0;0;0;0;0;0;0;0;0;0;0;0;0;0;0;0;0;0;0;0;8;0
org.argouml.ui.cmd.ActionAutoCritique;0;2;0;2;0;2;0;2;0;2;0;2;0;2;0;2;0;2;0;2;0;2;0;2;0;2;0;2;0;2;0;2;0;2;0;2;0;2;0;2;0;2;0;2;0;2;0;2;0;2;0;2;0;2;0;2;0;2;0;2;0;2;0;2;0;2;0;2;0;2;0;2;0;2;0;2;0;2
org.argouml.application.events.ArgoGeneratorEventListener;1;0;1;0;1;0;1;0;1;0;1;0;1;0;1;0;1;0;1;0;1;0;1;0;1;0;1;0;1;0;1;0;1;0;1;0;1;0;1;0;1;0;1;0;1;0;1;0;1;0;1;0;1;0;1;0;1;0;1;0;1;0;1;0;1;0;1;0;1;0;1;0;1;0;1;0;1;0
org.argouml.ui.LookAndFeelMgr;1;1;1;2;1;1;1;1;1;1;1;2;1;1;1;1;1;2;1;1;1;1;1;1;1;2;1;1;1;1;1;1;1;1;1;2;1;2;1;1;1;1;1;1;1;1;1;1;1;1;1;2;1;2;1;1;1;1;1;1;1;2;1;1;1;1;1;1;1;1;1;2;1;1;1;1;1;2
org.argouml.notation.providers.java.InitNotationJava;0;2;0;0;0;2;0;0;0;2;0;0;0;0;0;0;0;0;0;2;0;0;0;2;0;0;0;2;0;2;0;2;0;2;0;0;0;0;0;2;0;2;0;0;0;2;0;2;0;0;0;0;0;0;0;2;0;2;0;2;0;0;0;0;0;2;0;2;0;0;0;0;0;2;0;0;0;0
org.argouml.notation.providers.java.AssociationNameNotationJava;0;2;0;0;0;2;0;2;0;2;0;0;0;2;0;2;0;0;0;2;0;2;0;2;0;0;0;2;0;2;0;2;0;2;0;0;0;0;0;2;0;2;0;2;0;2;0;2;0;2;0;0;0;0;0;2;0;2;0;2;0;2;0;2;0;2;0;2;0;2;0;0;0;2;0;2;0;0
org.argouml.ui.ProjectSettingsTabProperties;0;2;0;2;0;2;0;1;0;2;0;2;0;1;0;1;0;2;0;2;0;1;0;2;0;2;0;2;0;2;0;2;0;2;0;2;0;2;0;2;0;2;0;1;0;2;0;2;0;1;0;2;0;2;0;2;0;2;0;2;0;2;0;2;0;2;0;2;0;2;0;2;0;2;0;1;0;2
org.argouml.ui.ActionGoToCritique;0;0;1;2;0;0;0;2;0;0;1;2;1;2;0;0;1;2;0;0;0;0;0;0;1;2;0;0;0;0;0;0;0;0;1;2;1;2;0;0;0;0;1;2;0;0;0;0;0;2;1;2;1;2;0;0;0;0;0;0;1;2;0;0;0;0;0;0;0;0;1;2;0;0;1;2;1;2
org.argouml.moduleloader.SettingsTabModules;0;1;0;1;0;0;0;1;0;1;0;1;0;1;0;1;0;1;0;1;0;1;0;1;0;1;0;1;0;1;0;0;0;1;0;1;0;1;0;1;0;1;0;1;0;0;0;1;0;1;0;1;0;1;0;1;0;0;0;1;0;1;0;0;0;1;0;1;0;0;0;1;0;0;0;1;0;1
org.argouml.ui.TabToDoTarget;2;0;0;0;2;0;2;0;2;0;0;0;0;0;2;0;0;0;2;0;2;0;2;0;0;0;2;0;2;0;2;0;2;0;0;0;0;0;2;0;2;0;0;0;2;0;2;0;2;0;0;0;0;0;2;0;2;0;2;0;0;0;2;0;2;0;2;0;2;0;0;0;2;0;0;0;0;0
org.argouml.uml.diagram.ArgoDiagram;8;1;0;0;8;1;4;1;8;1;0;0;4;1;4;1;0;0;8;1;4;1;8;1;0;0;8;1;8;1;8;1;8;1;0;0;0;0;8;1;8;1;4;1;8;1;8;1;4;1;0;0;0;0;8;1;7;1;8;1;0;0;7;1;8;1;8;1;4;1;0;0;8;1;0;0;0;0
org.argouml.application.events.ArgoHelpEventListener;1;0;0;0;1;0;1;0;1;0;0;0;1;0;1;0;0;0;1;0;1;0;1;0;0;0;1;0;1;0;1;0;1;0;0;0;0;0;1;0;1;0;1;0;1;0;1;0;1;0;0;0;0;0;1;0;1;0;1;0;1;0;1;0;1;0;1;0;1;0;0;0;1;0;1;0;0;0
org.argouml.uml.reveng.Import;0;5;0;9;0;5;0;6;0;5;0;9;0;6;0;6;0;9;0;5;0;6;0;5;0;8;0;5;0;5;0;5;0;5;0;9;0;8;0;5;0;5;0;6;0;5;0;5;0;6;0;9;0;8;0;5;0;5;0;5;0;7;0;5;0;5;0;5;0;5;0;7;0;5;0;6;0;8
org.argouml.notation.providers.java.OperationNotationJava;0;2;0;0;0;2;0;2;0;2;0;0;0;2;0;2;0;0;0;2;0;2;0;2;0;0;0;2;0;2;0;2;0;2;0;0;0;0;0;2;0;2;0;2;0;2;0;2;0;2;0;0;0;0;0;2;0;2;0;2;0;2;0;2;0;2;0;2;0;2;0;0;0;2;0;2;0;0
org.argouml.uml.diagram.PathContainer;2;0;0;0;2;0;0;0;2;0;0;0;0;0;0;0;0;0;2;0;0;0;2;0;0;0;2;0;2;0;2;0;2;0;0;0;0;0;2;0;2;0;0;0;2;0;2;0;0;0;0;0;0;0;2;0;0;0;2;0;0;0;0;0;2;0;2;0;0;0;0;0;2;0;0;0;0;0
org.argouml.ocl.CriticOclEvaluator;0;0;0;1;0;0;0;0;0;0;0;1;0;0;0;0;0;1;0;0;0;0;0;0;0;1;0;0;0;0;0;0;0;0;0;0;0;0;0;0;0;0;0;0;0;0;0;0;0;0;0;0;0;1;0;0;0;0;0;0;0;0;0;0;0;0;0;0;0;0;0;0;0;0;0;0;0;1
org.argouml.configuration.ConfigurationKey;2;0;0;0;2;0;2;0;2;0;0;0;2;0;2;0;0;0;2;0;2;0;2;0;0;0;2;0;2;0;2;0;2;0;0;0;0;0;2;0;2;0;2;0;2;0;2;0;2;0;0;0;0;0;2;0;2;0;2;0;0;0;2;0;2;0;2;0;2;0;0;0;2;0;2;0;0;0
org.argouml.uml.diagram.ui.ArgoDiagramAppearanceEvent;0;0;0;0;0;0;0;0;0;0;0;0;0;0;0;0;0;0;0;0;0;0;0;0;0;0;0;1;0;0;0;0;0;0;0;0;0;0;0;1;0;0;0;0;0;0;0;0;0;0;0;0;0;0;0;0;0;0;0;0;0;0;0;0;0;0;0;0;0;0;0;0;0;0;0;0;0;0
org.argouml.ui.cmd.ShortcutMgr;0;0;1;1;0;0;0;0;0;0;1;1;0;0;0;0;1;1;0;0;0;0;0;0;1;1;0;0;0;0;0;0;0;0;1;1;1;1;0;0;0;0;0;0;0;0;0;0;0;0;1;1;1;1;0;0;0;0;0;0;0;1;0;0;0;0;0;0;0;0;0;1;0;0;0;0;1;1
org.argouml.cognitive.ui.ActionGoToCritique;2;3;0;0;2;2;0;0;2;3;0;0;0;0;2;2;0;0;2;2;2;2;2;3;0;0;2;2;2;2;2;3;2;2;0;0;0;0;2;2;2;3;0;0;2;3;2;3;0;0;0;0;0;0;2;3;2;2;2;2;0;0;2;2;2;2;2;3;2;2;0;0;2;3;0;0;0;0
org.argouml.notation.NotationProviderFactory2;1;0;1;0;1;0;1;0;1;0;1;0;1;0;1;0;1;0;1;0;1;0;1;0;1;0;1;0;1;0;1;0;1;0;1;0;1;0;1;0;1;0;1;0;1;0;1;0;1;0;1;0;1;0;1;0;1;0;1;0;1;0;1;0;1;0;1;0;1;0;1;0;1;0;1;0;1;0
org.argouml.ui.explorer.ExplorerPopup;0;8;0;7;0;8;0;7;0;8;0;7;0;7;0;7;0;7;0;8;0;7;0;8;0;7;0;8;0;8;0;8;0;8;0;7;0;7;0;8;0;8;0;7;0;8;0;8;0;7;0;7;0;7;0;8;0;7;0;8;0;7;0;7;0;8;0;8;0;7;0;7;0;8;0;7;0;7
org.argouml.notation.ui.InitNotationUI;0;1;0;0;0;1;0;0;0;1;0;0;0;0;0;0;0;0;0;1;0;0;0;1;0;0;0;1;0;1;0;1;0;1;0;0;0;0;0;1;0;1;0;0;0;1;0;1;0;0;0;0;0;0;0;1;0;1;0;1;0;0;0;1;0;1;0;1;0;1;0;0;0;1;0;0;0;0
org.argouml.profile.InitProfileSubsystem;0;0;0;0;0;0;0;0;0;0;0;0;0;0;0;0;0;0;0;0;0;0;0;0;0;0;0;0;0;0;0;1;0;0;0;0;0;0;0;0;0;0;0;0;0;0;0;0;0;0;0;0;0;0;0;0;0;0;0;0;0;0;0;0;0;0;0;0;0;0;0;0;0;0;0;0;0;0
org.argouml.ui.cmd.NavigateTargetBackAction;0;1;0;1;0;1;0;1;0;1;0;1;0;1;0;1;0;1;0;1;0;1;0;1;0;1;0;1;0;1;0;1;0;1;0;1;0;1;0;1;0;1;0;1;0;1;0;1;0;1;0;1;0;1;0;1;0;1;0;1;0;1;0;1;0;1;0;1;0;1;0;1;0;1;0;1;0;1
org.argouml.configuration.Configuration;3;0;0;0;3;0;3;0;3;0;0;0;5;0;5;0;0;0;3;0;5;0;3;0;0;0;3;0;3;0;3;0;5;0;0;0;0;0;3;0;5;0;5;0;3;0;5;0;5;0;0;0;0;0;5;0;5;0;4;0;0;0;3;0;5;0;3;0;3;0;0;0;5;0;5;0;0;0
org.argouml.uml.diagram.activity.ui.FigPool;1;0;0;0;1;0;1;0;1;0;0;0;0;0;1;0;0;0;1;0;1;0;1;0;0;0;1;0;1;0;1;0;1;0;0;0;0;0;1;0;1;0;1;0;1;0;1;0;1;0;0;0;0;0;1;0;1;0;1;0;0;0;1;0;1;0;1;0;1;0;0;0;1;0;0;0;0;0
org.argouml.cognitive.ui.TabToDo;0;5;2;4;0;5;0;5;0;5;2;4;2;5;0;5;2;5;0;5;0;5;0;5;2;5;0;5;0;5;0;5;0;5;2;5;2;5;0;5;0;5;2;5;0;5;0;5;0;5;2;5;2;4;0;5;0;5;0;6;2;5;0;5;0;5;0;5;0;5;2;5;0;5;2;5;2;5
org.argouml.cognitive.ui.ToDoByGoal;0;1;0;1;0;1;0;1;0;1;0;1;0;1;0;1;0;1;0;1;0;1;0;1;0;1;0;1;0;1;0;1;0;1;0;1;0;1;0;1;0;1;0;1;0;1;0;1;0;1;0;1;0;1;0;1;0;1;0;1;0;1;0;1;0;1;0;1;0;1;0;1;0;1;0;1;0;1
org.argouml.ui.cmd.ActionSystemInfo;0;1;0;1;0;1;0;1;0;1;0;1;0;1;0;1;0;1;0;1;0;1;0;1;0;1;0;1;0;1;0;1;0;1;0;1;0;1;0;1;0;1;0;1;0;1;0;1;0;1;0;1;0;1;0;1;0;1;0;1;0;1;0;1;0;1;0;1;0;1;0;1;0;1;0;1;0;1
org.argouml.ui.cmd.ActionNewToDoItem;0;0;0;2;0;0;0;0;0;0;0;2;0;2;0;0;0;2;0;0;0;0;0;0;0;2;0;0;0;0;0;0;0;0;0;2;0;2;0;0;0;0;0;2;0;0;0;0;0;0;0;2;0;2;0;0;0;0;0;0;0;2;0;0;0;0;0;0;0;0;0;2;0;0;0;2;0;2
org.argouml.notation.providers.uml.ExtensionPointNotationUml;0;0;0;0;0;0;0;1;0;0;0;0;0;1;0;1;0;0;0;0;0;0;0;0;0;0;0;0;0;0;0;0;0;0;0;0;0;0;0;0;0;0;0;1;0;0;0;0;0;1;0;0;0;0;0;0;0;0;0;0;0;1;0;0;0;0;0;0;0;0;0;0;0;0;0;1;0;0
org.argouml.uml.diagram.ui.ArgoEditor;0;1;0;2;0;1;0;1;0;1;0;2;0;1;0;1;0;2;0;1;0;1;0;1;0;2;0;1;0;1;0;1;0;1;0;2;0;2;0;1;0;1;0;1;0;1;0;1;0;1;0;2;0;2;0;1;0;1;0;1;0;2;0;1;0;1;0;1;0;1;0;2;0;1;0;1;0;2
org.argouml.ui.AbstractArgoJPanel;2;0;2;0;2;0;2;0;2;0;2;0;2;0;2;0;2;0;2;0;2;0;2;0;2;0;2;0;2;0;2;0;2;0;2;0;2;0;2;0;2;0;2;0;2;0;2;0;2;0;2;0;2;0;2;0;2;0;2;0;2;0;2;0;2;0;2;0;2;0;2;0;2;0;2;0;2;0
org.argouml.cognitive.ui.WizStepCue;0;1;0;1;0;1;0;1;0;1;0;1;0;1;0;1;0;1;0;1;0;1;0;1;0;1;0;1;0;1;0;1;0;1;0;1;0;1;0;1;0;1;0;1;0;1;0;1;0;1;0;1;0;1;0;1;0;1;0;1;0;1;0;1;0;1;0;1;0;1;0;1;0;1;0;1;0;1
org.argouml.uml.diagram.ui.SettingsTabDiagramAppearance;0;1;0;0;0;0;0;0;0;1;0;0;0;0;0;0;0;0;0;0;0;0;0;1;0;0;0;1;0;0;0;1;0;0;0;0;0;0;0;1;0;1;0;0;0;1;0;1;0;0;0;0;0;0;0;1;0;0;0;0;0;0;0;0;0;0;0;1;0;0;0;0;0;1;0;0;0;0
org.argouml.ui.cmd.ActionOpenDecisions;0;1;0;1;0;1;0;1;0;1;0;1;0;1;0;1;0;1;0;1;0;1;0;1;0;1;0;1;0;1;0;1;0;1;0;1;0;1;0;1;0;1;0;1;0;1;0;1;0;1;0;1;0;1;0;1;0;1;0;1;0;1;0;1;0;1;0;1;0;1;0;1;0;1;0;1;0;1
org.argouml.persistence.MemberFilePersister;0;1;0;0;0;1;0;1;0;1;0;0;0;1;0;1;0;0;0;1;0;1;0;1;0;0;0;1;0;1;0;1;0;1;0;0;0;0;0;1;0;1;0;1;0;1;0;1;0;1;0;0;0;0;0;1;0;1;0;1;0;0;0;1;0;1;0;1;0;1;0;0;0;1;0;0;0;0
org.argouml.swingext.SwingWorker;0;0;0;2;0;0;0;0;0;0;0;2;0;0;0;0;0;2;0;0;0;0;0;0;0;2;0;0;0;0;0;0;0;0;0;2;0;2;0;0;0;0;0;0;0;0;0;0;0;0;0;2;0;2;0;0;0;0;0;0;0;0;0;0;0;0;0;0;0;0;0;0;0;0;0;0;0;2
org.argouml.application.api.Configuration;0;0;28;5;0;0;0;0;0;0;28;5;0;0;0;0;32;0;0;0;0;0;0;0;33;0;0;0;0;0;0;0;0;0;33;0;33;0;0;0;0;0;0;0;0;0;0;0;0;0;33;0;27;5;0;0;0;0;0;0;0;0;0;0;0;0;0;0;0;0;0;0;0;0;0;0;32;0
org.argouml.moduleloader.InitModuleLoader;0;1;0;0;0;0;0;0;0;1;0;0;0;0;0;0;0;0;0;1;0;0;0;1;0;0;0;1;0;1;0;0;0;1;0;0;0;0;0;1;0;1;0;0;0;0;0;1;0;0;0;0;0;0;0;1;0;0;0;1;0;0;0;0;0;1;0;1;0;0;0;0;0;0;0;0;0;0
org.argouml.application.configuration.ConfigurationProperties;0;0;1;0;0;0;0;0;0;0;1;0;0;0;0;0;0;0;0;0;0;0;0;0;0;0;0;0;0;0;0;0;0;0;0;0;0;0;0;0;0;0;0;0;0;0;0;0;0;0;0;0;1;0;0;0;0;0;0;0;0;0;0;0;0;0;0;0;0;0;0;0;0;0;0;0;0;0
org.argouml.uml.diagram.ui.ActionAddAllClassesFromModel;1;1;1;1;1;1;1;1;1;1;1;1;1;1;1;1;1;1;1;1;1;1;1;1;1;1;1;1;1;1;1;1;1;1;1;1;1;1;1;1;1;1;1;1;1;1;1;1;1;1;1;1;1;1;1;1;1;1;1;1;1;1;1;1;1;1;1;1;1;1;1;1;1;1;1;1;1;1
org.argouml.uml.diagram.ui.FigNodeModelElement;2;12;3;8;1;10;2;9;2;12;3;8;2;9;2;10;3;8;1;10;2;10;2;12;3;8;1;10;1;10;2;12;1;10;3;8;3;8;1;10;1;12;2;9;1;12;2;12;2;9;3;8;3;8;1;12;2;10;1;10;3;9;2;10;1;10;2;12;2;10;3;8;2;12;3;9;3;8
org.argouml.ui.SettingsDialog;0;1;0;1;0;1;0;0;0;1;0;1;0;0;0;0;0;1;0;1;0;0;0;1;0;1;0;1;0;1;0;1;0;1;0;1;0;1;0;1;0;1;0;0;0;1;0;1;0;0;0;1;0;1;0;1;0;1;0;1;0;1;0;1;0;1;0;1;0;1;0;1;0;1;0;0;0;1
org.argouml.uml.diagram.OperationsCompartmentContainer;1;0;0;0;1;0;0;0;1;0;0;0;0;0;0;0;0;0;1;0;0;0;1;0;0;0;1;0;1;0;1;0;1;0;0;0;0;0;1;0;1;0;0;0;1;0;1;0;0;0;0;0;0;0;1;0;0;0;1;0;0;0;0;0;1;0;1;0;0;0;0;0;1;0;0;0;0;0
org.argouml.notation.providers.uml.ModelElementNameNotationUml;0;2;0;0;0;2;0;2;0;2;0;0;0;2;0;2;0;0;0;2;0;2;0;2;0;0;0;2;0;2;0;2;0;2;0;0;0;0;0;2;0;2;0;2;0;2;0;2;0;2;0;0;0;0;0;2;0;2;0;2;0;2;0;2;0;2;0;2;0;2;0;0;0;2;0;2;0;0
org.argouml.uml.reveng.ImportInterface;0;1;0;1;0;1;0;0;0;1;0;1;0;0;0;1;0;1;0;1;0;1;0;1;0;1;0;1;0;1;0;1;0;1;0;1;0;1;0;1;0;1;0;0;0;1;0;1;0;1;0;1;0;1;0;1;0;1;0;1;0;0;0;1;0;1;0;1;0;1;0;0;0;1;0;0;0;1
org.argouml.moduleloader.ModuleInterface;2;0;2;0;2;0;2;0;2;0;2;0;2;0;2;0;2;0;2;0;2;0;2;0;2;0;2;0;2;0;2;0;2;0;2;0;2;0;2;0;2;0;2;0;2;0;2;0;2;0;2;0;2;0;2;0;2;0;2;0;2;0;2;0;2;0;2;0;2;0;2;0;2;0;2;0;2;0
org.argouml.ui.targetmanager.ActionAddEnumerationLiteral;0;0;0;1;0;0;0;0;0;0;0;1;0;0;0;0;0;1;0;0;0;0;0;0;0;1;0;0;0;0;0;0;0;0;0;1;0;1;0;0;0;0;0;0;0;0;0;0;0;0;0;1;0;1;0;0;0;0;0;0;0;1;0;0;0;0;0;0;0;0;0;1;0;0;0;0;0;1
org.argouml.ui.SystemInfoDialog;0;1;0;1;0;1;0;1;0;1;0;1;0;1;0;1;0;1;0;1;0;1;0;1;0;1;0;1;0;1;0;1;0;1;0;1;0;1;0;1;0;1;0;1;0;1;0;1;0;1;0;1;0;1;0;1;0;1;0;1;0;1;0;1;0;1;0;1;0;1;0;1;0;1;0;1;0;1
org.argouml.ui.GUI;0;1;1;1;0;1;1;1;0;1;1;1;1;1;1;1;1;1;0;1;1;1;0;1;1;1;0;1;0;1;0;1;0;1;1;1;1;1;0;1;0;1;1;1;0;1;0;1;1;1;1;1;1;1;0;1;0;1;0;1;1;1;0;1;0;1;0;1;0;1;1;1;0;1;1;1;1;1
org.argouml.notation.NotationNameImpl;0;2;0;2;0;2;0;2;0;2;0;2;0;2;0;2;0;2;0;2;0;2;0;2;0;2;0;2;0;2;0;2;0;2;0;2;0;2;0;2;0;2;0;2;0;2;0;2;0;2;0;2;0;2;0;2;0;2;0;2;0;2;0;2;0;2;0;2;0;2;0;2;0;2;0;2;0;2
org.argouml.ui.SettingsTabLayout;0;1;0;2;0;1;0;0;0;1;0;2;0;0;0;0;0;2;0;1;0;0;0;1;0;2;0;1;0;1;0;1;0;1;0;2;0;2;0;1;0;1;0;0;0;1;0;1;0;0;0;2;0;2;0;1;0;1;0;1;0;2;0;1;0;1;0;1;0;1;0;2;0;1;0;0;0;2
org.argouml.persistence.PrivateHandler;0;2;0;4;0;2;0;4;0;2;0;4;0;4;0;4;0;4;0;2;0;4;0;2;0;4;0;2;0;2;0;2;0;2;0;4;0;4;0;2;0;2;0;4;0;2;0;2;0;4;0;4;0;4;0;2;0;4;0;2;0;4;0;4;0;2;0;2;0;4;0;4;0;2;0;4;0;4
org.argouml.uml.reveng.java.Modeller;0;1;0;1;0;1;0;1;0;1;0;1;0;1;0;1;0;1;0;1;0;1;0;1;0;1;0;1;0;1;0;1;0;1;0;1;0;1;0;1;0;1;0;1;0;1;0;1;0;1;0;1;0;1;0;1;0;1;0;1;0;1;0;1;0;1;0;1;0;1;0;1;0;1;0;1;0;1
org.argouml.persistence.ProfileConfigurationFilePersister;0;1;0;0;0;0;0;0;0;1;0;0;0;0;0;0;0;0;0;0;0;0;0;1;0;0;0;0;0;0;0;1;0;0;0;0;0;0;0;0;0;0;0;0;0;0;0;1;0;0;0;0;0;0;0;0;0;0;0;0;0;0;0;0;0;0;0;1;0;0;0;0;0;1;0;0;0;0
org.argouml.uml.diagram.static_structure.ClassDiagramGraphModel;1;0;1;0;1;0;1;0;1;0;1;0;1;0;1;0;1;0;1;0;1;0;1;0;1;0;1;0;1;0;1;0;1;0;1;0;1;0;1;0;1;0;1;0;1;0;1;0;1;0;1;0;1;0;1;0;1;0;1;0;1;0;1;0;1;0;1;0;1;0;1;0;1;0;1;0;1;0
org.argouml.notation.providers.uml.ClassifierRoleNotationUml;0;2;0;0;0;2;0;2;0;2;0;0;0;2;0;2;0;0;0;2;0;2;0;2;0;0;0;2;0;2;0;2;0;2;0;0;0;0;0;2;0;2;0;2;0;2;0;2;0;2;0;0;0;0;0;2;0;2;0;2;0;2;0;2;0;2;0;2;0;2;0;0;0;2;0;2;0;0
org.argouml.uml.reveng.ImportClasspathDialog;0;1;0;3;0;1;0;1;0;1;0;2;0;2;0;1;0;2;0;1;0;2;0;1;0;2;0;1;0;1;0;1;0;1;0;2;0;3;0;1;0;1;0;1;0;1;0;1;0;2;0;2;0;3;0;1;0;1;0;1;0;3;0;1;0;1;0;1;0;1;0;3;0;1;0;1;0;3
org.argouml.cognitive.ui.ToDoItemAction;0;3;0;0;0;2;0;2;0;3;0;0;0;0;0;2;0;0;0;2;0;2;0;3;0;0;0;2;0;2;0;3;0;2;0;0;0;0;0;2;0;3;0;0;0;3;0;3;0;2;0;0;0;0;0;3;0;2;0;2;0;0;0;2;0;2;0;3;0;2;0;0;0;3;0;0;0;0
org.argouml.uml.diagram.ui.FigMultiplicity;0;2;0;0;0;2;0;0;0;2;0;0;0;0;0;0;0;0;0;2;0;0;0;2;0;0;0;2;0;2;0;2;0;2;0;0;0;0;0;2;0;2;0;0;0;2;0;2;0;0;0;0;0;0;0;2;0;0;0;0;0;0;0;0;0;0;0;2;0;0;0;0;0;2;0;0;0;0
org.argouml.uml.diagram.ArgoDiagramImpl;0;1;0;0;0;1;0;0;0;1;0;0;0;0;0;0;0;0;0;1;0;0;0;1;0;0;0;1;0;1;0;1;0;1;0;0;0;0;0;1;0;1;0;0;0;1;0;1;0;0;0;0;0;0;0;1;0;0;0;1;0;0;0;0;0;1;0;1;0;0;0;0;0;1;0;0;0;0
org.argouml.ui.SettingsTabUser;0;2;0;2;0;2;0;1;0;2;0;2;0;1;0;1;0;2;0;2;0;1;0;2;0;2;0;2;0;2;0;2;0;2;0;2;0;2;0;2;0;2;0;1;0;2;0;2;0;1;0;2;0;2;0;2;0;2;0;2;0;2;0;2;0;2;0;2;0;2;0;2;0;2;0;1;0;2
org.argouml.uml.diagram.sequence.SequenceDiagramGraphModel;3;0;3;0;3;0;3;0;3;0;3;0;3;0;3;0;3;0;3;0;3;0;3;0;3;0;3;0;3;0;3;0;3;0;3;0;3;0;3;0;3;0;3;0;3;0;3;0;3;0;3;0;3;0;3;0;3;0;3;0;3;0;3;0;3;0;3;0;3;0;3;0;3;0;3;0;3;0
org.argouml.ui.cmd.ActionOpenGoals;0;1;0;1;0;1;0;1;0;1;0;1;0;1;0;1;0;1;0;1;0;1;0;1;0;1;0;1;0;1;0;1;0;1;0;1;0;1;0;1;0;1;0;1;0;1;0;1;0;1;0;1;0;1;0;1;0;1;0;1;0;1;0;1;0;1;0;1;0;1;0;1;0;1;0;1;0;1
org.argouml.ui.cmd.NavigateTargetForwardAction;0;1;0;1;0;1;0;1;0;1;0;1;0;1;0;1;0;1;0;1;0;1;0;1;0;1;0;1;0;1;0;1;0;1;0;1;0;1;0;1;0;1;0;1;0;1;0;1;0;1;0;1;0;1;0;1;0;1;0;1;0;1;0;1;0;1;0;1;0;1;0;1;0;1;0;1;0;1
org.argouml.uml.diagram.ui.ActionDeleteConcurrentRegion;0;1;0;1;0;1;0;1;0;1;0;1;0;1;0;1;0;1;0;1;0;1;0;1;0;1;0;1;0;1;0;1;0;1;0;1;0;1;0;1;0;1;0;1;0;1;0;1;0;1;0;1;0;1;0;1;0;1;0;1;0;1;0;1;0;1;0;1;0;1;0;1;0;1;0;1;0;1
org.argouml.uml.diagram.ProjectMemberDiagram;1;0;2;0;1;0;2;0;1;0;2;0;2;0;2;0;2;0;1;0;2;0;1;0;2;0;1;0;1;0;1;0;1;0;2;0;2;0;1;0;1;0;2;0;1;0;1;0;2;0;2;0;2;0;1;0;2;0;2;0;2;0;2;0;2;0;1;0;2;0;2;0;1;0;2;0;2;0
org.argouml.uml.diagram.ui.ActionAddExistingNode;1;0;1;0;1;0;1;0;1;0;1;0;1;0;1;0;1;0;1;0;1;0;1;0;1;0;1;0;1;0;1;0;1;0;1;0;1;0;1;0;1;0;1;0;1;0;1;0;1;0;1;0;1;0;1;0;1;0;1;0;1;0;1;0;1;0;1;0;1;0;1;0;1;0;1;0;1;0
org.argouml.cognitive.ui.WizStepTextField;0;2;0;2;0;2;0;2;0;2;0;2;0;2;0;2;0;2;0;2;0;2;0;2;0;2;0;2;0;2;0;2;0;2;0;2;0;2;0;2;0;2;0;2;0;2;0;2;0;2;0;2;0;2;0;2;0;2;0;2;0;2;0;2;0;2;0;2;0;2;0;2;0;2;0;2;0;2
org.argouml.uml.diagram.ui.ActionRemoveFromDiagram;2;1;1;1;2;1;1;1;2;1;1;1;1;1;1;1;1;1;2;1;1;1;2;1;1;1;2;1;2;1;2;1;2;1;1;1;1;1;2;1;2;1;1;1;2;1;2;1;1;1;1;1;1;1;2;1;1;1;2;1;1;1;1;1;2;1;2;1;1;1;1;1;2;1;1;1;1;1
org.argouml.uml.diagram.sequence.ui.SequenceDiagramLayer;1;0;1;0;1;0;1;0;1;0;1;0;1;0;1;0;1;0;1;0;1;0;1;0;1;0;1;0;1;0;1;0;1;0;1;0;1;0;1;0;1;0;1;0;1;0;1;0;1;0;1;0;1;0;1;0;1;0;1;0;1;0;1;0;1;0;1;0;1;0;1;0;1;0;1;0;1;0
org.argouml.notation.providers.uml.MessageNotationUml;0;2;0;0;0;2;0;2;0;2;0;0;0;2;0;2;0;0;0;2;0;2;0;2;0;0;0;2;0;2;0;2;0;2;0;0;0;0;0;2;0;2;0;2;0;2;0;2;0;2;0;0;0;0;0;2;0;2;0;2;0;2;0;2;0;2;0;2;0;2;0;0;0;2;0;2;0;0
org.argouml.ui.cmd.ActionExit;0;2;0;2;0;2;0;2;0;2;0;2;0;2;0;2;0;2;0;2;0;2;0;2;0;2;0;2;0;2;0;2;0;2;0;2;0;2;0;2;0;2;0;2;0;2;0;2;0;2;0;2;0;2;0;2;0;2;0;2;0;2;0;2;0;2;0;2;0;2;0;2;0;2;0;2;0;2
org.argouml.application.events.ArgoHelpEvent;23;0;0;0;23;0;23;0;23;0;0;0;23;0;23;0;0;0;23;0;23;0;23;0;0;0;23;0;23;0;23;0;23;0;0;0;0;0;23;0;23;0;23;0;23;0;23;0;23;0;0;0;0;0;23;0;23;0;23;0;23;0;23;0;23;0;23;0;23;0;0;0;23;0;23;0;0;0
org.argouml.uml.diagram.ui.ActionSaveDiagramToClipboard;2;1;2;2;2;1;2;1;2;1;2;2;2;1;2;1;2;2;2;1;2;1;2;1;2;2;2;1;2;1;2;1;2;1;2;2;2;2;2;1;2;1;2;1;2;1;2;1;2;1;2;2;2;2;2;1;2;1;2;1;2;2;2;1;2;1;2;1;2;1;2;2;2;1;2;1;2;2
org.argouml.uml.diagram.ui.FigEdgeModelElement;1;12;3;8;1;10;2;9;1;12;3;8;2;9;2;10;3;8;1;10;2;10;1;12;3;8;1;10;1;10;1;12;1;10;3;8;3;8;1;10;1;12;2;9;1;12;1;12;2;9;3;8;3;8;1;12;2;10;1;10;3;9;2;10;1;10;1;12;2;10;3;8;1;12;3;9;3;8
org.argouml.ui.targetmanager.TargetManager;3;0;3;0;3;0;6;0;3;0;3;0;6;0;6;0;3;0;3;0;3;0;3;0;3;0;3;0;3;0;3;0;3;0;3;0;3;0;3;0;3;0;6;0;3;0;3;0;6;0;3;1;3;0;3;0;3;0;3;0;6;1;3;0;3;0;3;0;3;0;3;1;3;0;6;1;3;0
org.argouml.persistence.OpenException;1;0;1;0;1;0;1;0;1;0;1;0;1;0;1;0;1;0;1;0;1;0;1;0;1;0;1;0;1;0;1;0;1;0;1;0;1;0;1;0;1;0;1;0;1;0;1;0;1;0;1;0;1;0;1;0;1;0;1;0;1;0;1;0;1;0;1;0;1;0;1;0;1;0;1;0;1;0
org.argouml.cognitive.critics.Wizard;1;0;0;0;1;0;1;0;1;0;0;0;0;0;1;0;0;0;1;0;1;0;1;0;0;0;1;0;1;0;1;0;1;0;0;0;0;0;1;0;1;0;0;0;1;0;1;0;1;0;0;0;0;0;1;0;1;0;1;0;0;0;1;0;1;0;1;0;1;0;0;0;1;0;0;0;0;0
org.argouml.uml.diagram.ui.ActionAddNote;0;1;0;1;0;1;0;1;0;1;0;1;0;1;0;1;0;1;0;1;0;1;0;1;0;1;0;1;0;1;0;1;0;1;0;1;0;1;0;1;0;1;0;1;0;1;0;1;0;1;0;1;0;1;0;1;0;1;0;1;0;1;0;1;0;1;0;1;0;1;0;1;0;1;0;1;0;1
org.argouml.uml.diagram.ui.FigAssociation;0;0;0;0;0;0;0;2;0;0;0;0;0;2;0;2;0;0;0;0;0;2;0;0;0;0;0;0;0;0;0;0;0;0;0;0;0;0;0;0;0;0;0;2;0;0;0;0;0;2;0;0;0;0;0;0;0;2;0;2;0;2;0;2;0;2;0;0;0;2;0;0;0;0;0;2;0;0
org.argouml.uml.reveng.java.JavaImport;0;0;0;2;0;0;0;1;0;0;0;2;0;1;0;0;0;2;0;0;0;0;0;0;0;2;0;0;0;0;0;0;0;0;0;2;0;2;0;0;0;0;0;1;0;0;0;0;0;0;0;2;0;2;0;0;0;0;0;0;0;1;0;0;0;0;0;0;0;0;0;1;0;0;0;1;0;2
org.argouml.ui.cmd.ActionAdjustSnap;0;1;0;2;0;1;0;1;0;1;0;2;0;1;0;1;0;2;0;1;0;1;0;1;0;2;0;1;0;1;0;1;0;1;0;2;0;2;0;1;0;1;0;1;0;1;0;1;0;1;0;2;0;2;0;1;0;1;0;1;0;2;0;1;0;1;0;1;0;1;0;2;0;1;0;1;0;2
org.argouml.ui.explorer.ExplorerEventAdaptor;2;1;3;3;2;1;3;1;4;1;2;3;3;1;2;1;2;3;3;1;3;1;4;1;3;3;3;1;2;1;2;1;2;1;3;3;2;3;2;1;2;1;3;1;3;1;2;1;2;1;3;3;2;3;2;1;2;1;2;1;3;3;2;1;2;1;4;1;3;1;2;3;2;1;3;1;3;3
org.argouml.ui.explorer.rules.GoStatemachineToDiagram;0;2;0;2;0;2;0;2;0;2;0;2;0;2;0;2;0;2;0;2;0;2;0;2;0;2;0;2;0;2;0;2;0;2;0;2;0;2;0;2;0;2;0;2;0;2;0;2;0;2;0;2;0;2;0;2;0;2;0;2;0;2;0;2;0;2;0;2;0;2;0;2;0;2;0;2;0;2
org.argouml.application.configuration.ConfigurationKey;0;0;0;0;0;0;0;0;0;0;0;0;0;0;0;0;0;0;0;0;0;0;0;0;0;0;0;0;0;0;0;0;0;0;0;0;0;0;0;0;0;0;0;0;0;0;0;0;0;0;0;0;0;0;0;0;0;0;0;0;10;0;0;0;0;0;0;0;0;0;10;0;0;0;0;0;0;0
org.argouml.application.api.Argo;24;0;17;0;20;0;25;0;24;0;17;0;25;0;24;0;20;0;24;0;24;0;24;0;20;0;24;0;24;0;20;0;24;0;20;0;20;0;24;0;24;0;21;0;20;0;24;0;21;0;20;0;17;0;24;0;20;0;24;0;16;2;20;0;24;0;24;0;20;0;17;2;20;0;19;0;20;0
org.argouml.notation.providers.uml.AssociationEndNameNotationUml;0;2;0;0;0;2;0;2;0;2;0;0;0;2;0;2;0;0;0;2;0;2;0;2;0;0;0;2;0;2;0;2;0;2;0;0;0;0;0;2;0;2;0;2;0;2;0;2;0;2;0;0;0;0;0;2;0;2;0;2;0;2;0;2;0;2;0;2;0;2;0;0;0;2;0;2;0;0
org.argouml.ui.ActionSetMode;0;0;0;0;0;0;0;1;0;0;0;0;0;1;0;0;0;0;0;0;0;0;0;0;0;0;0;0;0;0;0;0;0;0;0;0;0;0;0;0;0;0;0;1;0;0;0;0;0;0;0;0;0;0;0;0;0;0;0;0;0;0;0;0;0;0;0;0;0;0;0;0;0;0;0;1;0;0
org.argouml.ocl.OCLExpander;2;0;2;0;2;0;2;0;2;0;2;0;2;0;2;0;2;0;2;0;2;0;2;0;2;0;2;0;2;0;2;0;2;0;2;0;2;0;2;0;2;0;2;0;2;0;2;0;2;0;2;0;2;0;2;0;2;0;2;0;2;0;2;0;2;0;2;0;2;0;2;0;2;0;2;0;2;0
org.argouml.ui.SettingsTabPreferences;0;2;0;2;0;2;0;1;0;2;0;2;0;1;0;1;0;2;0;2;0;1;0;2;0;2;0;2;0;2;0;2;0;2;0;2;0;2;0;2;0;2;0;1;0;2;0;2;0;1;0;2;0;2;0;2;0;2;0;2;0;2;0;2;0;2;0;2;0;2;0;2;0;2;0;1;0;2
org.argouml.ui.explorer.rules.GoCollaborationToDiagram;0;1;0;2;0;1;0;2;0;1;0;2;0;2;0;2;0;2;0;1;0;2;0;1;0;2;0;1;0;1;0;1;0;1;0;2;0;2;0;1;0;1;0;2;0;1;0;1;0;2;0;2;0;2;0;1;0;1;0;1;0;2;0;1;0;1;0;1;0;2;0;2;0;1;0;2;0;2
org.argouml.ui.explorer.rules.GoModelElementToContainedDiagrams;0;1;0;1;0;1;0;1;0;1;0;1;0;1;0;1;0;1;0;1;0;1;0;1;0;1;0;1;0;1;0;1;0;1;0;1;0;1;0;1;0;1;0;1;0;1;0;1;0;1;0;1;0;1;0;1;0;1;0;1;0;1;0;1;0;1;0;1;0;1;0;1;0;1;0;1;0;1
org.argouml.uml.diagram.sequence.MessageNode;1;0;1;0;1;0;1;0;1;0;1;0;1;0;1;0;1;0;1;0;1;0;1;0;1;0;1;0;1;0;1;0;1;0;1;0;1;0;1;0;1;0;1;0;1;0;1;0;1;0;1;0;1;0;1;0;1;0;1;0;1;0;1;0;1;0;1;0;1;0;1;0;1;0;1;0;1;0
org.argouml.ocl.ArgoFacade;1;0;1;0;1;0;1;0;1;0;1;0;1;0;1;0;1;0;1;0;1;0;1;0;1;0;1;0;1;0;1;0;1;0;1;0;1;0;1;0;1;0;1;0;1;0;1;0;1;0;1;0;1;0;1;0;1;0;1;0;1;0;1;0;1;0;1;0;1;0;1;0;1;0;1;0;1;0
org.argouml.cognitive.ui.ActionResolve;0;1;0;0;0;0;0;0;0;1;0;0;0;0;0;0;0;0;0;0;0;0;0;1;0;0;0;0;0;0;0;1;0;0;0;0;0;0;0;0;0;1;0;0;0;1;0;1;0;0;0;0;0;0;0;1;0;0;0;0;0;0;0;0;0;0;0;1;0;0;0;0;0;1;0;0;0;0
org.argouml.persistence.UmlVersionException;1;0;1;0;1;0;1;0;1;0;1;0;1;0;1;0;1;0;1;0;1;0;1;0;1;0;1;0;1;0;1;0;1;0;1;0;1;0;1;0;1;0;1;0;1;0;1;0;1;0;1;0;1;0;1;0;1;0;1;0;1;0;1;0;1;0;1;0;1;0;1;0;1;0;1;0;1;0
org.argouml.swingext.LoadSwingWorker;0;0;0;4;0;0;0;0;0;0;0;4;0;0;0;0;0;4;0;0;0;0;0;0;0;4;0;0;0;0;0;0;0;0;0;4;0;4;0;0;0;0;0;0;0;0;0;0;0;0;0;4;0;4;0;0;0;0;0;0;0;0;0;0;0;0;0;0;0;0;0;0;0;0;0;0;0;4
org.argouml.uml.diagram.state.ui.UMLStateDiagram;3;0;3;0;3;0;3;0;3;0;3;0;3;0;3;0;3;0;3;0;3;0;3;0;3;0;3;0;3;0;3;0;3;0;3;0;3;0;3;0;3;0;3;0;3;0;3;0;3;0;3;0;3;0;3;0;3;0;3;0;3;0;3;0;3;0;3;0;3;0;3;0;3;0;3;0;3;0
org.argouml.cognitive.ui.AddToDoItemDialog;0;1;1;2;0;1;0;1;0;1;1;2;1;2;0;1;1;2;0;1;0;1;0;1;1;2;0;1;0;1;0;1;0;1;1;2;1;2;0;1;0;1;1;2;0;1;0;1;0;1;1;2;1;2;0;1;0;1;0;1;1;2;0;1;0;1;0;1;0;1;1;2;0;1;1;2;1;2
org.argouml.notation.providers.uml.TransitionNotationUml;0;2;0;0;0;2;0;2;0;2;0;0;0;2;0;2;0;0;0;2;0;2;0;2;0;0;0;2;0;2;0;2;0;2;0;0;0;0;0;2;0;2;0;2;0;2;0;2;0;2;0;0;0;0;0;2;0;2;0;2;0;2;0;2;0;2;0;2;0;2;0;0;0;2;0;2;0;0
org.argouml.application.configuration.Configuration;0;0;0;0;0;0;0;0;0;0;0;0;0;0;0;0;0;0;0;0;0;0;0;0;0;0;0;0;0;0;0;0;0;0;0;0;0;0;0;0;0;0;0;0;0;0;0;0;0;0;0;0;0;0;0;0;0;0;0;0;32;0;0;0;0;0;0;0;0;0;33;0;0;0;0;0;0;0
org.argouml.ui.UndoableAction;5;0;0;0;0;0;0;0;5;0;0;0;0;0;0;0;0;0;0;0;0;0;5;0;0;0;0;0;0;0;5;0;0;0;0;0;0;0;0;0;5;0;0;0;5;0;5;0;0;0;0;0;0;0;5;0;0;0;0;0;0;0;0;0;0;0;5;0;0;0;0;0;5;0;0;0;0;0
org.argouml.cognitive.ui.DismissToDoItemDialog;0;0;1;1;0;0;0;0;0;0;1;1;1;1;0;0;1;1;0;0;0;0;0;0;1;1;0;0;0;0;0;0;0;0;1;1;1;1;0;0;0;0;1;1;0;0;0;0;0;0;1;1;1;1;0;0;0;0;0;0;1;1;0;0;0;0;0;0;0;0;1;1;0;0;1;1;1;1
org.argouml.cognitive.critics.Critic;0;0;0;0;0;0;0;2;0;0;0;0;0;2;0;0;0;2;0;0;0;0;0;0;0;2;0;0;0;0;0;0;0;0;0;2;0;2;0;0;0;0;0;2;0;0;0;0;0;2;0;2;0;0;0;0;0;0;0;0;0;2;0;0;0;0;0;0;0;0;0;2;0;0;0;2;0;2
org.argouml.cognitive.ui.ActionNewToDoItem;0;3;0;0;0;2;0;2;0;3;0;0;0;0;0;2;0;0;0;2;0;2;0;3;0;0;0;2;0;2;0;3;0;2;0;0;0;0;0;2;0;3;0;0;0;3;0;3;0;2;0;0;0;0;0;3;0;2;0;2;0;0;0;2;0;2;0;3;0;2;0;0;0;3;0;0;0;0
org.argouml.i18n.Translator;7;0;8;2;7;0;6;0;7;0;8;2;4;0;7;0;8;2;7;0;7;0;7;0;8;2;7;0;7;0;7;0;7;0;7;2;7;2;7;0;7;0;4;0;7;0;7;0;6;0;7;2;8;2;7;0;7;0;8;0;4;0;7;0;7;0;7;0;7;0;4;2;7;0;4;0;8;2
org.argouml.application.helpers.ResourceLoaderWrapper;38;0;40;0;36;0;38;0;38;0;40;0;38;0;38;0;40;0;36;0;37;0;38;0;40;0;37;0;36;0;38;0;36;0;40;0;40;0;37;0;38;0;38;0;38;0;38;0;38;0;40;0;40;0;38;0;37;0;36;0;40;0;37;0;36;0;38;0;37;0;40;0;38;0;38;0;40;0
org.argouml.ui.cmd.ActionSnooze;0;0;0;2;0;0;0;0;0;0;0;2;0;2;0;0;0;2;0;0;0;0;0;0;0;2;0;0;0;0;0;0;0;0;0;2;0;2;0;0;0;0;0;2;0;0;0;0;0;0;0;2;0;2;0;0;0;0;0;0;0;2;0;0;0;0;0;0;0;0;0;2;0;0;0;2;0;2
org.argouml.ui.SettingsTabAppearance;0;2;0;2;0;2;0;1;0;2;0;2;0;1;0;1;0;2;0;2;0;1;0;2;0;2;0;2;0;2;0;2;0;2;0;2;0;2;0;2;0;2;0;1;0;2;0;2;0;1;0;2;0;2;0;2;0;2;0;2;0;2;0;2;0;2;0;2;0;2;0;2;0;2;0;1;0;2
org.argouml.ui.DetailsPane;0;0;0;1;0;0;0;0;0;0;0;1;0;1;0;0;0;1;0;0;0;0;0;0;0;1;0;0;0;0;0;0;0;0;0;1;0;1;0;0;0;0;0;1;0;0;0;0;0;0;0;1;0;1;0;0;0;0;0;0;0;1;0;0;0;0;0;0;0;0;0;1;0;0;0;1;0;1
org.argouml.ui.explorer.rules.GoNamespaceToDiagram;0;1;0;1;0;1;0;1;0;1;0;1;0;1;0;1;0;1;0;1;0;1;0;1;0;1;0;1;0;1;0;1;0;1;0;1;0;1;0;1;0;1;0;1;0;1;0;1;0;1;0;1;0;1;0;1;0;1;0;1;0;1;0;1;0;1;0;1;0;1;0;1;0;1;0;1;0;1
org.argouml.uml.diagram.ui.ExtensionsCompartmentContainer;0;0;1;0;0;0;1;0;0;0;1;0;1;0;1;0;1;0;0;0;1;0;0;0;1;0;0;0;0;0;0;0;0;0;1;0;1;0;0;0;0;0;1;0;0;0;0;0;1;0;1;0;1;0;0;0;1;0;0;0;1;0;1;0;0;0;0;0;1;0;1;0;0;0;1;0;1;0
org.argouml.ui.GUISettingsTabInterface;0;0;2;0;0;0;2;0;0;0;2;0;2;0;2;0;2;0;0;0;2;0;0;0;2;0;0;0;0;0;0;0;0;0;2;0;2;0;0;0;0;0;2;0;0;0;0;0;2;0;2;0;2;0;0;0;0;0;0;0;2;0;0;0;0;0;0;0;0;0;2;0;0;0;2;0;2;0
org.argouml.notation.providers.uml.OperationNotationUml;0;2;0;0;0;2;0;3;0;2;0;0;0;3;0;3;0;0;0;2;0;2;0;2;0;0;0;2;0;2;0;2;0;2;0;0;0;0;0;2;0;2;0;3;0;2;0;2;0;3;0;0;0;0;0;2;0;2;0;2;0;3;0;2;0;2;0;2;0;2;0;0;0;2;0;3;0;0
org.argouml.swingext.ArgoToolbarManager;0;0;0;0;0;0;0;0;0;0;0;0;0;0;0;0;0;0;0;0;0;0;0;0;0;0;0;0;0;0;0;0;0;0;0;0;0;0;0;0;0;0;0;0;0;0;0;0;0;0;0;0;0;0;0;0;0;0;1;2;0;0;0;0;0;0;0;0;0;0;0;0;0;0;0;0;0;0
org.argouml.language.java.cognitive.critics.CrMultipleInheritance;0;3;0;3;0;3;0;3;0;3;0;3;0;3;0;3;0;3;0;3;0;3;0;3;0;3;0;3;0;3;0;3;0;3;0;3;0;3;0;3;0;3;0;3;0;3;0;3;0;3;0;3;0;3;0;3;0;3;0;3;0;3;0;3;0;3;0;3;0;3;0;3;0;3;0;3;0;3
org.argouml.ui.SplashScreen;1;0;1;0;1;0;1;0;1;0;1;0;1;0;1;0;1;0;1;0;1;0;1;0;1;0;1;0;1;0;1;0;1;0;1;0;1;0;1;0;1;0;1;0;1;0;1;0;1;0;1;0;1;0;1;0;1;0;1;0;1;0;1;0;1;0;1;0;1;0;1;0;1;0;1;0;1;0
org.argouml.notation.InitNotationJava;0;0;0;1;0;0;0;1;0;0;0;1;0;1;0;1;0;1;0;0;0;1;0;0;0;1;0;0;0;0;0;0;0;0;0;1;0;1;0;0;0;0;0;1;0;0;0;0;0;1;0;1;0;1;0;0;0;0;0;0;0;1;0;1;0;0;0;0;0;1;0;1;0;0;0;1;0;1
org.argouml.ui.cmd.ActionShowXMLDump;0;1;0;1;0;1;0;1;0;1;0;1;0;1;0;1;0;1;0;1;0;1;0;1;0;1;0;1;0;1;0;1;0;1;0;1;0;1;0;1;0;1;0;1;0;1;0;1;0;1;0;1;0;1;0;1;0;1;0;1;0;1;0;1;0;1;0;1;0;1;0;1;0;1;0;1;0;1
org.argouml.ui.ActionSettings;0;1;0;1;0;1;0;1;0;1;0;1;0;1;0;1;0;1;0;1;0;1;0;1;0;1;0;1;0;1;0;1;0;1;0;1;0;1;0;1;0;1;0;1;0;1;0;1;0;1;0;1;0;1;0;1;0;1;0;1;0;1;0;1;0;1;0;1;0;1;0;1;0;1;0;1;0;1
org.argouml.ui.ProjectBrowser;3;15;4;17;3;15;2;16;3;15;4;17;2;16;3;16;4;17;3;15;3;16;3;15;4;17;3;15;3;15;3;15;3;15;4;17;4;17;3;15;3;15;2;16;3;15;3;15;2;17;4;17;4;17;3;15;3;15;3;15;2;17;3;15;3;15;3;15;3;16;2;16;3;15;2;15;4;17
org.argouml.application.events.ArgoNotationEventListener;4;0;4;0;4;0;4;0;4;0;4;0;4;0;4;0;4;0;4;0;4;0;4;0;4;0;4;0;4;0;4;0;4;0;4;0;4;0;4;0;4;0;4;0;4;0;4;0;4;0;4;0;4;0;4;0;4;0;4;0;4;0;4;0;4;0;4;0;4;0;4;0;4;0;4;0;4;0
org.argouml.ui.cmd.ActionOpenCritics;0;1;0;1;0;1;0;1;0;1;0;1;0;1;0;1;0;1;0;1;0;1;0;1;0;1;0;1;0;1;0;1;0;1;0;1;0;1;0;1;0;1;0;1;0;1;0;1;0;1;0;1;0;1;0;1;0;1;0;1;0;1;0;1;0;1;0;1;0;1;0;1;0;1;0;1;0;1
org.argouml.swingext.SpacerPanel;6;0;6;0;6;0;6;0;6;0;6;0;6;0;6;0;6;0;6;0;6;0;6;0;6;0;6;0;6;0;6;0;6;0;6;0;6;0;6;0;6;0;6;0;6;0;6;0;6;0;6;0;6;0;6;0;6;0;6;0;6;0;6;0;6;0;6;0;6;0;6;0;6;0;6;0;6;0
org.argouml.swingext.ToolBarUtility;0;0;0;2;0;0;0;0;0;0;0;2;0;0;0;0;0;2;0;0;0;0;0;0;0;2;0;0;0;0;0;0;0;0;0;2;0;2;0;0;0;0;0;0;0;0;0;0;0;0;0;2;0;2;0;0;0;0;0;0;0;0;0;0;0;0;0;0;0;0;0;0;0;0;0;0;0;2
org.argouml.ui.ActionExportXMI;0;1;0;2;0;1;0;1;0;1;0;2;0;1;0;1;0;2;0;1;0;1;0;1;0;2;0;1;0;1;0;1;0;1;0;2;0;2;0;1;0;1;0;1;0;1;0;1;0;1;0;2;0;2;0;1;0;1;0;1;0;2;0;1;0;1;0;1;0;1;0;2;0;1;0;1;0;2
org.argouml.uml.diagram.VisibilityContainer;1;0;0;0;1;0;0;0;1;0;0;0;0;0;0;0;0;0;1;0;0;0;1;0;0;0;1;0;1;0;1;0;1;0;0;0;0;0;1;0;1;0;0;0;1;0;1;0;0;0;0;0;0;0;1;0;0;0;1;0;0;0;0;0;1;0;1;0;0;0;0;0;1;0;0;0;0;0
org.argouml.uml.diagram.ui.PathContainer;0;0;2;0;0;0;2;0;0;0;2;0;2;0;2;0;2;0;0;0;2;0;0;0;2;0;0;0;0;0;0;0;0;0;2;0;2;0;0;0;0;0;2;0;0;0;0;0;2;0;2;0;2;0;0;0;2;0;0;0;2;0;2;0;0;0;0;0;2;0;2;0;0;0;2;0;2;0
org.argouml.ui.ArgoFrame;0;0;7;0;0;0;1;0;0;0;6;0;2;0;1;0;6;0;0;0;2;0;0;0;6;0;0;0;0;0;0;0;0;0;6;0;7;0;0;0;0;0;1;0;0;0;0;0;2;0;6;0;7;0;0;0;0;0;0;0;3;0;0;0;0;0;0;0;0;0;3;0;0;0;2;0;7;0
org.argouml.persistence.OldZargoFilePersister;0;2;0;2;0;2;0;2;0;2;0;2;0;2;0;2;0;2;0;2;0;2;0;2;0;2;0;2;0;2;0;2;0;2;0;2;0;2;0;2;0;2;0;2;0;2;0;2;0;2;0;2;0;2;0;2;0;2;0;2;0;2;0;2;0;2;0;2;0;2;0;2;0;2;0;2;0;2
org.argouml.cognitive.ToDoList;4;1;4;1;4;1;4;1;4;1;4;1;4;1;4;1;4;1;4;1;4;1;4;1;4;1;4;1;4;1;4;1;4;1;4;1;4;1;4;1;4;1;4;1;4;1;4;1;4;1;4;1;4;1;4;1;4;1;4;1;4;1;4;1;4;1;4;1;4;1;4;1;4;1;4;1;4;1
org.argouml.notation.providers.uml.CallStateNotationUml;0;2;0;0;0;2;0;2;0;2;0;0;0;2;0;2;0;0;0;2;0;2;0;2;0;0;0;2;0;2;0;2;0;2;0;0;0;0;0;2;0;2;0;2;0;2;0;2;0;2;0;0;0;0;0;2;0;2;0;2;0;2;0;2;0;2;0;2;0;2;0;0;0;2;0;2;0;0
org.argouml.ui.cmd.ActionGotoDiagram;0;1;0;1;0;1;0;1;0;1;0;1;0;1;0;1;0;1;0;1;0;1;0;1;0;1;0;1;0;1;0;1;0;1;0;1;0;1;0;1;0;1;0;1;0;1;0;1;0;1;0;1;0;1;0;1;0;1;0;1;0;1;0;1;0;1;0;1;0;1;0;1;0;1;0;1;0;1
org.argouml.cognitive.ResolvedCritic;2;0;2;0;2;0;2;0;2;0;2;0;2;0;2;0;2;0;2;0;2;0;2;0;2;0;2;0;2;0;2;0;2;0;2;0;2;0;2;0;2;0;2;0;2;0;2;0;2;0;2;0;2;0;2;0;2;0;2;0;2;0;2;0;2;0;2;0;2;0;2;0;2;0;2;0;2;0
org.argouml.uml.diagram.ui.ActionAddMessage;0;1;0;1;0;1;0;1;0;1;0;1;0;1;0;1;0;1;0;1;0;1;0;1;0;1;0;1;0;1;0;1;0;1;0;1;0;1;0;1;0;1;0;1;0;1;0;1;0;1;1;1;0;1;0;1;0;1;0;1;1;1;0;1;0;1;0;1;0;1;1;1;0;1;1;1;0;1
org.argouml.uml.diagram.ui.UMLDiagram;0;0;6;1;0;0;6;1;0;0;6;0;6;1;7;0;6;0;0;0;7;1;0;0;6;1;0;0;0;0;0;0;0;0;6;1;6;0;0;0;0;0;6;1;0;0;0;0;7;0;6;1;6;0;0;0;0;0;0;0;6;1;0;0;0;0;0;0;7;1;6;0;0;0;6;1;6;1
org.argouml.application.configuration.ConfigurationFactory;0;0;1;0;0;0;0;0;0;0;1;0;0;0;0;0;0;0;0;0;0;0;0;0;0;0;0;0;0;0;0;0;0;0;0;0;0;0;0;0;0;0;0;0;0;0;0;0;0;0;0;0;1;0;0;0;0;0;0;0;0;0;0;0;0;0;0;0;0;0;0;0;0;0;0;0;0;0
org.argouml.uml.diagram.ui.FigAssociationEnd;0;0;0;0;0;0;0;2;0;0;0;0;0;2;0;2;0;0;0;0;0;2;0;0;0;0;0;0;0;0;0;0;0;0;0;0;0;0;0;0;0;0;0;2;0;0;0;0;0;2;0;0;0;0;0;0;0;2;0;2;0;2;0;2;0;2;0;0;0;2;0;0;0;0;0;2;0;0
org.argouml.application.events.ArgoGeneratorEvent;1;0;1;0;1;0;1;0;1;0;1;0;1;0;1;0;1;0;1;0;1;0;1;0;1;0;1;0;1;0;1;0;1;0;1;0;1;0;1;0;1;0;1;0;1;0;1;0;1;0;1;0;1;0;1;0;1;0;1;0;1;0;1;0;1;0;1;0;1;0;1;0;1;0;1;0;1;0
org.argouml.ui.cmd.ShortcutChangedEvent;0;0;1;0;0;0;0;0;0;0;1;0;0;0;0;0;1;0;0;0;0;0;0;0;1;0;0;0;0;0;0;0;0;0;1;0;1;0;0;0;0;0;0;0;0;0;0;0;0;0;1;0;1;0;0;0;0;0;0;0;0;0;0;0;0;0;0;0;0;0;0;0;0;0;0;0;1;0
org.argouml.cognitive.checklist.ui.TabChecklist;0;3;0;3;0;3;0;3;0;3;0;3;0;3;0;3;0;3;0;3;0;3;0;3;0;3;0;3;0;3;0;3;0;3;0;3;0;3;0;3;0;3;0;3;0;3;0;3;0;3;0;3;0;3;0;3;0;3;0;3;0;3;0;3;0;3;0;3;0;3;0;3;0;3;0;3;0;3
org.argouml.ui.explorer.ActionExportProfileXMI;0;2;0;0;0;0;0;0;0;2;0;0;0;0;0;0;0;0;0;0;0;0;0;2;0;0;0;0;0;0;0;2;0;0;0;0;0;0;0;0;0;0;0;0;0;0;0;2;0;0;0;0;0;0;0;0;0;0;0;0;0;0;0;0;0;0;0;2;0;0;0;0;0;2;0;0;0;0
org.argouml.ui.explorer.rules.GoClassifierToSequenceDiagram;0;1;0;1;0;1;0;1;0;1;0;1;0;1;0;1;0;1;0;1;0;1;0;1;0;1;0;1;0;1;0;1;0;1;0;1;0;1;0;1;0;1;0;1;0;1;0;1;0;1;0;1;0;1;0;1;0;1;0;1;0;1;0;1;0;1;0;1;0;1;0;1;0;1;0;1;0;1
org.argouml.persistence.ProgressListener;0;0;1;0;0;0;0;0;0;0;1;0;0;0;0;0;0;0;0;0;0;0;0;0;0;0;0;0;0;0;0;0;0;0;0;0;0;0;0;0;0;0;0;0;0;0;0;0;0;0;0;0;1;0;0;0;0;0;0;0;0;0;0;0;0;0;0;0;0;0;0;0;0;0;0;0;0;0
org.argouml.uml.diagram.ui.ActionAddExistingNodes;1;0;1;1;1;1;1;1;1;0;1;1;1;1;1;1;1;1;1;1;1;1;1;0;1;1;1;1;1;1;1;0;1;1;1;1;1;1;1;1;1;0;1;1;1;0;1;0;1;1;1;1;1;1;1;0;1;1;1;1;1;1;1;1;1;1;1;0;1;1;1;1;1;0;1;1;1;1
org.argouml.application.api.InitSubsystem;8;0;0;0;5;0;0;0;8;0;0;0;0;0;0;0;0;0;7;0;0;0;8;0;0;0;8;0;7;0;7;0;7;0;0;0;0;0;8;0;8;0;0;0;6;0;8;0;0;0;0;0;0;0;8;0;5;0;7;0;0;0;2;0;7;0;8;0;2;0;0;0;6;0;0;0;0;0
org.argouml.persistence.ResolvedCriticXMLHelper;0;1;0;1;0;1;0;1;0;1;0;1;0;1;0;1;0;1;0;1;0;1;0;1;0;1;0;1;0;1;0;1;0;1;0;1;0;1;0;1;0;1;0;1;0;1;0;1;0;1;0;1;0;1;0;1;0;1;0;1;0;1;0;1;0;1;0;1;0;1;0;1;0;1;0;1;0;1
org.argouml.cognitive.ui.WizStep;0;4;0;3;0;4;0;4;0;4;0;3;0;3;0;4;0;3;0;4;0;4;0;4;0;3;0;4;0;4;0;4;0;4;0;3;0;3;0;4;0;4;0;3;0;4;0;4;0;4;0;3;0;3;0;4;0;4;0;4;0;3;0;4;0;4;0;4;0;4;0;3;0;4;0;3;0;3
org.argouml.cognitive.Agency;1;0;0;0;1;0;0;0;1;0;0;0;0;0;0;0;0;0;1;0;0;0;1;0;0;0;1;0;1;0;1;0;1;0;0;0;0;0;1;0;1;0;0;0;1;0;1;0;0;0;0;0;0;0;1;0;1;0;1;0;0;0;0;0;1;0;1;0;0;0;0;0;1;0;0;0;0;0
org.argouml.persistence.TodoListMemberFilePersister;0;3;0;2;0;3;0;3;0;3;0;2;0;3;0;3;0;2;0;3;0;3;0;3;0;2;0;3;0;3;0;3;0;3;0;2;0;2;0;3;0;3;0;3;0;3;0;3;0;3;0;2;0;2;0;3;0;3;0;3;0;2;0;3;0;3;0;3;0;3;0;2;0;3;0;2;0;2
org.argouml.uml.diagram.sequence.ui.UMLSequenceDiagram;1;0;1;1;1;0;1;1;1;0;1;1;1;1;1;1;1;1;1;0;1;0;1;0;1;1;1;0;1;0;1;0;1;0;1;1;1;1;1;0;1;0;1;1;1;0;1;0;1;1;1;1;1;1;1;0;1;0;1;0;1;1;1;0;1;0;1;0;1;0;1;1;1;0;1;1;1;1
org.argouml.uml.diagram.ui.ActionAddAssociationRole;0;1;0;1;0;1;0;1;0;1;0;1;0;1;0;1;0;1;0;1;0;1;0;1;0;1;0;1;0;1;0;1;0;1;0;1;0;1;0;1;0;1;0;1;0;1;0;1;0;1;0;1;0;1;0;1;0;1;0;1;0;1;0;1;0;1;0;1;0;1;0;1;0;1;0;1;0;1
org.argouml.cognitive.ui.DesignIssuesDialog;1;0;1;1;1;0;1;0;1;0;1;1;1;1;1;0;1;1;1;0;1;0;1;0;1;1;1;0;1;0;1;0;1;0;1;1;1;1;1;0;1;0;1;1;1;0;1;0;1;0;1;1;1;1;1;0;1;0;1;0;1;1;1;0;1;0;1;0;1;0;1;1;1;0;1;1;1;1
org.argouml.ui.CmdCreateNode;0;1;0;1;0;1;0;1;0;1;0;1;0;1;0;1;0;1;0;1;0;1;0;1;0;1;0;1;0;1;0;1;0;1;0;1;0;1;0;1;0;1;0;1;0;1;0;1;0;1;0;1;0;1;0;1;0;1;0;1;0;1;0;1;0;1;0;1;0;1;0;1;0;1;0;1;0;1
org.argouml.ui.ExceptionDialog;0;0;1;0;0;0;0;0;0;0;1;0;0;0;0;0;1;0;0;0;0;0;0;0;1;0;0;0;0;0;0;0;0;0;1;0;1;0;0;0;0;0;0;0;0;0;0;0;0;0;1;0;1;0;0;0;0;0;0;0;0;0;0;0;0;0;0;0;0;0;0;0;0;0;0;0;1;0
org.argouml.cognitive.ui.ToDoPane;0;4;2;4;0;4;2;4;0;4;2;4;2;4;0;4;2;4;0;4;0;4;0;4;2;4;0;4;0;4;0;4;0;4;2;4;2;4;0;4;0;4;2;4;0;4;0;4;2;4;2;4;2;4;0;4;0;4;0;4;2;4;0;4;0;4;0;4;0;4;2;4;0;4;2;4;2;4
org.argouml.ui.StatusBar;1;0;1;0;1;0;1;0;1;0;1;0;1;0;1;0;1;0;1;0;1;0;1;0;1;0;1;0;1;0;1;0;1;0;1;0;1;0;1;0;1;0;1;0;1;0;1;0;1;0;1;0;1;0;1;0;1;0;1;0;1;0;1;0;1;0;1;0;1;0;1;0;1;0;1;0;1;0
org.argouml.ui.explorer.DnDExplorerTree;0;2;1;2;0;2;1;2;1;2;0;2;1;2;0;2;0;2;1;2;1;2;1;2;1;2;1;2;0;2;0;2;0;2;1;2;0;2;0;2;0;2;1;2;1;2;0;2;0;2;1;2;0;2;0;2;0;2;0;2;1;2;0;2;0;2;1;2;1;2;0;2;0;2;1;2;1;2
org.argouml.uml.diagram.ui.StatusBarAdapter;0;2;0;0;0;2;0;0;0;2;0;0;0;0;0;0;0;0;0;2;0;0;0;2;0;0;0;2;0;2;0;2;0;2;0;0;0;0;0;2;0;2;0;0;0;2;0;2;0;0;0;0;0;0;0;2;0;0;0;2;0;0;0;0;0;2;0;2;0;0;0;0;0;2;0;0;0;0
org.argouml.ui.cmd.GenericArgoMenuBar;0;1;0;2;0;0;0;2;0;2;0;1;0;2;0;1;0;1;0;1;0;2;0;2;0;2;0;2;0;0;0;1;0;0;0;2;0;1;0;1;0;1;0;2;0;2;0;1;0;1;0;2;0;1;0;1;0;0;0;0;0;2;0;1;0;0;0;2;0;2;0;1;0;1;0;2;0;2
org.argouml.persistence.ProjectFilePersister;1;0;1;0;1;0;1;0;1;0;1;0;1;0;1;0;1;0;1;0;1;0;1;0;1;0;1;0;1;0;1;0;1;0;1;0;1;0;1;0;1;0;1;0;1;0;1;0;1;0;1;0;1;0;1;0;1;0;1;0;1;0;1;0;1;0;1;0;1;0;1;0;1;0;1;0;1;0
org.argouml.persistence.ZargoFilePersister;0;2;0;1;0;2;0;2;0;2;0;1;0;2;0;2;0;1;0;2;0;2;0;2;0;1;0;2;0;2;0;2;0;2;0;1;0;1;0;2;0;2;0;2;0;2;0;2;0;2;0;1;0;1;0;2;0;2;0;2;0;1;0;2;0;2;0;2;0;2;0;1;0;2;0;1;0;1
org.argouml.ui.explorer.TypeThenNameOrder;0;0;1;0;0;0;1;0;1;0;0;0;1;0;0;0;0;0;1;0;1;0;1;0;1;0;1;0;0;0;0;0;0;0;1;0;0;0;0;0;0;0;1;0;1;0;0;0;0;0;1;0;0;0;0;0;0;0;0;0;1;0;0;0;0;0;1;0;1;0;0;0;0;0;1;0;1;0
org.argouml.application.ArgoVersion;0;0;7;0;0;0;0;0;0;0;7;0;0;0;0;0;7;0;0;0;0;0;0;0;7;0;0;0;0;0;0;0;0;0;7;0;7;0;0;0;0;0;0;0;0;0;0;0;0;0;7;0;7;0;0;0;0;0;0;0;7;0;0;0;0;0;0;0;0;0;7;0;0;0;0;0;7;0
org.argouml.application.api.GUISettingsTabInterface;16;0;0;0;11;0;0;0;16;0;0;0;0;0;0;0;0;0;12;0;0;0;16;0;0;0;13;0;12;0;15;0;12;0;0;0;0;0;13;0;13;0;0;0;12;0;16;0;0;0;0;0;0;0;13;0;11;0;12;0;0;0;11;0;12;0;16;0;11;0;0;0;15;0;0;0;0;0
org.argouml.ui.cmd.SettingsTabShortcuts;0;1;0;0;0;1;0;0;0;1;0;0;0;0;0;0;0;0;0;1;0;0;0;1;0;0;0;1;0;1;0;1;0;1;0;0;0;0;0;1;0;1;0;0;0;1;0;1;0;0;0;0;0;0;0;1;0;1;0;1;0;0;0;0;0;1;0;1;0;0;0;0;0;1;0;0;0;0
org.argouml.ui.cmd.ActionNew;0;2;0;2;0;2;0;2;0;2;0;2;0;2;0;2;0;2;0;2;0;2;0;2;0;2;0;2;0;2;0;2;0;2;0;2;0;2;0;2;0;2;0;2;0;2;0;2;0;2;0;2;0;2;0;2;0;2;0;2;0;2;0;2;0;2;0;2;0;2;0;2;0;2;0;2;0;2
null;1;1;1;1;1;1;1;1;1;1;1;1;1;1;1;1;1;1;1;1;1;1;1;1;1;1;1;1;1;1;1;1;1;1;1;1;1;1;1;1;1;1;1;1;1;1;1;1;1;1;1;1;1;1;1;1;1;1;1;1;1;1;1;1;1;1;1;1;1;1;1;1;1;1;1;1;1;1
org.argouml.cognitive.critics.ui.CriticBrowserDialog;1;0;1;1;1;0;1;0;1;0;1;1;1;1;1;0;1;1;1;0;1;0;1;0;1;1;1;0;1;0;1;0;1;0;1;1;1;1;1;0;1;0;1;1;1;0;1;0;1;0;1;1;1;1;1;0;1;0;1;0;1;1;1;0;1;0;1;0;1;0;1;1;1;0;1;1;1;1
org.argouml.ui.ArgoStatusBar;0;1;0;0;0;1;0;0;0;1;0;0;0;0;0;0;0;0;0;1;0;0;0;1;0;0;0;1;0;1;0;1;0;1;0;0;0;0;0;1;0;1;0;0;0;1;0;1;0;0;0;0;0;0;0;1;0;0;0;1;0;0;0;0;0;1;0;1;0;0;0;0;0;1;0;0;0;0
org.argouml.ui.Clarifier;0;1;0;1;0;1;0;1;0;1;0;1;0;1;0;1;0;1;0;1;0;1;0;1;0;1;0;1;0;1;0;1;0;1;0;1;0;1;0;1;0;1;0;1;0;1;0;1;0;1;0;1;0;1;0;1;0;1;0;1;0;1;0;1;0;1;0;1;0;1;0;1;0;1;0;1;0;1
org.argouml.uml.diagram.ui.AttributesCompartmentContainer;0;0;1;0;0;0;1;0;0;0;1;0;1;0;1;0;1;0;0;0;1;0;0;0;1;0;0;0;0;0;0;0;0;0;1;0;1;0;0;0;0;0;1;0;0;0;0;0;1;0;1;0;1;0;0;0;1;0;0;0;1;0;1;0;0;0;0;0;1;0;1;0;0;0;1;0;1;0
org.argouml.cognitive.ui.ToDoPerspective;0;1;0;1;0;1;0;1;0;1;0;1;0;1;0;1;0;1;0;1;0;1;0;1;0;1;0;1;0;1;0;1;0;1;0;1;0;1;0;1;0;1;0;1;0;1;0;1;0;1;0;1;0;1;0;1;0;1;0;1;0;1;0;1;0;1;0;1;0;1;0;1;0;1;0;1;0;1
org.argouml.cognitive.ListSet;1;0;1;0;1;0;1;0;1;0;1;0;1;0;1;0;1;0;1;0;1;0;1;0;1;0;1;0;1;0;1;0;1;0;1;0;1;0;1;0;1;0;1;0;1;0;1;0;1;0;1;0;1;0;1;0;1;0;1;0;1;0;1;0;1;0;1;0;1;0;1;0;1;0;1;0;1;0
org.argouml.ui.targetmanager.TargetListener;0;0;1;0;0;0;0;0;0;0;1;0;1;0;0;0;1;0;0;0;0;0;0;0;1;0;0;0;0;0;0;0;0;0;1;0;1;0;0;0;0;0;1;0;0;0;0;0;0;0;1;0;1;0;0;0;0;0;0;0;1;0;0;0;0;0;0;0;0;0;1;0;0;0;1;0;1;0
org.argouml.persistence.PersistenceManager;5;0;5;2;4;0;4;0;5;0;5;2;4;0;4;0;5;2;4;0;4;0;5;0;5;2;4;0;4;0;5;0;4;0;5;2;5;2;4;0;4;0;4;0;4;0;5;0;4;0;5;2;5;2;4;0;4;0;4;0;5;2;4;0;4;0;5;0;4;0;5;2;5;0;5;1;5;2
org.argouml.persistence.TodoParser;0;4;0;4;0;4;0;4;0;4;0;4;0;4;0;4;0;4;0;4;0;4;0;4;0;4;0;4;0;4;0;4;0;4;0;4;0;4;0;4;0;4;0;4;0;4;0;4;0;4;0;4;0;4;0;4;0;4;0;4;0;4;0;4;0;4;0;4;0;4;0;4;0;4;0;4;0;4
org.argouml.cognitive.ui.WizStepManyTextFields;0;1;0;1;0;1;0;1;0;1;0;1;0;1;0;1;0;1;0;1;0;1;0;1;0;1;0;1;0;1;0;1;0;1;0;1;0;1;0;1;0;1;0;1;0;1;0;1;0;1;0;1;0;1;0;1;0;1;0;1;0;1;0;1;0;1;0;1;0;1;0;1;0;1;0;1;0;1
org.argouml.ui.explorer.PerspectiveManager;0;1;1;2;0;1;1;1;1;1;0;2;1;1;0;1;0;2;1;1;1;1;1;1;1;2;1;1;0;1;0;1;0;1;1;2;0;2;0;1;0;1;1;1;1;1;0;1;0;1;1;2;0;2;0;1;0;1;0;1;1;2;0;1;0;1;1;1;1;1;0;2;0;1;1;1;1;2
org.argouml.language.ui.LanguageComboBox;0;3;0;3;0;3;0;3;0;3;0;3;0;3;0;3;0;3;0;3;0;3;0;3;0;3;0;3;0;3;0;3;0;3;0;3;0;3;0;3;0;3;0;3;0;3;0;3;0;3;0;3;0;3;0;3;0;3;0;3;0;3;0;3;0;3;0;3;0;3;0;3;0;3;0;3;0;3
org.argouml.uml.diagram.ui.AbstractActionRadioMenuItem;0;1;0;1;0;1;0;1;0;1;0;1;0;1;0;1;0;1;0;1;0;1;0;1;0;1;0;1;0;1;0;1;0;1;0;1;0;1;0;1;0;1;0;1;0;1;0;1;0;1;0;1;0;1;0;1;0;1;0;1;0;1;0;1;0;1;0;1;0;1;0;1;0;1;0;1;0;1
org.argouml.swingext.ProgressMonitorWindow;0;0;0;5;0;0;0;0;0;0;0;5;0;0;0;0;0;5;0;0;0;0;0;0;0;5;0;0;0;0;0;0;0;0;0;5;0;5;0;0;0;0;0;0;0;0;0;0;0;0;0;5;0;5;0;0;0;0;0;0;0;0;0;0;0;0;0;0;0;0;0;0;0;0;0;0;0;5
org.argouml.uml.diagram.activity.ui.FigObjectFlowState;0;1;0;1;0;1;0;1;0;1;0;1;0;1;0;1;0;1;0;1;0;1;0;1;0;1;0;1;0;1;0;1;0;1;0;1;0;1;0;1;0;1;0;1;0;1;0;1;0;1;0;1;0;1;0;1;0;1;0;1;0;1;0;1;0;1;0;1;0;1;0;1;0;1;0;1;0;1
org.argouml.ui.explorer.rules.GoOperationToSequenceDiagram;0;1;0;1;0;1;0;1;0;1;0;1;0;1;0;1;0;1;0;1;0;1;0;1;0;1;0;1;0;1;0;1;0;1;0;1;0;1;0;1;0;1;0;1;0;1;0;1;0;1;0;1;0;1;0;1;0;1;0;1;0;1;0;1;0;1;0;1;0;1;0;1;0;1;0;1;0;1
org.argouml.language.java.cognitive.critics.CrMultipleRealization;0;1;0;1;0;1;0;1;0;1;0;1;0;1;0;1;0;1;0;1;0;1;0;1;0;1;0;1;0;1;0;1;0;1;0;1;0;1;0;1;0;1;0;1;0;1;0;1;0;1;0;1;0;1;0;1;0;1;0;1;0;1;0;1;0;1;0;1;0;1;0;1;0;1;0;1;0;1
org.argouml.uml.reveng.ImportClassLoader;0;1;0;2;0;1;0;1;0;1;0;2;0;1;0;1;0;2;0;1;0;1;0;1;0;2;0;1;0;1;0;1;0;1;0;2;0;2;0;1;0;1;0;1;0;1;0;1;0;1;0;2;0;2;0;1;0;1;0;1;0;2;0;1;0;1;0;1;0;1;0;2;0;1;0;1;0;2
org.argouml.ui.HelpListener;0;2;0;0;0;2;0;2;0;2;0;0;0;2;0;2;0;0;0;2;0;2;0;2;0;0;0;2;0;2;0;2;0;2;0;0;0;0;0;2;0;2;0;2;0;2;0;2;0;2;0;0;0;0;0;2;0;2;0;2;0;2;0;2;0;2;0;2;0;2;0;0;0;2;0;2;0;0
org.argouml.application.api.ConfigurationKey;0;0;8;0;0;0;0;0;0;0;8;0;0;0;0;0;9;0;0;0;0;0;0;0;10;0;0;0;0;0;0;0;0;0;10;0;10;0;0;0;0;0;0;0;0;0;0;0;0;0;10;0;7;0;0;0;0;0;0;0;0;0;0;0;0;0;0;0;0;0;0;0;0;0;0;0;9;0
org.argouml.cognitive.ItemUID;6;0;4;0;6;0;4;0;6;0;4;0;4;0;4;0;4;0;6;0;4;0;6;0;4;0;6;0;6;0;6;0;6;0;4;0;4;0;6;0;6;0;4;0;6;0;6;0;4;0;4;0;4;0;6;0;4;0;6;0;4;0;4;0;6;0;6;0;4;0;4;0;6;0;4;0;4;0
org.argouml.ui.explorer.ActionPerspectiveConfig;0;1;2;1;0;1;2;1;2;1;0;1;2;1;0;1;0;1;2;1;2;1;2;1;2;1;2;1;0;1;0;1;0;1;2;1;0;1;0;1;0;1;2;1;2;1;0;1;0;1;2;1;0;1;0;1;0;1;0;1;2;1;0;1;0;1;2;1;2;1;0;1;0;1;2;1;2;1
org.argouml.uml.diagram.IItemUID;1;1;0;0;1;1;0;0;1;1;0;0;0;0;0;0;0;0;1;1;0;0;1;1;0;0;1;1;1;1;1;1;1;1;0;0;0;0;1;1;1;1;0;0;1;1;1;1;0;0;0;0;0;0;1;1;0;0;1;1;0;0;0;0;1;1;1;1;0;0;0;0;1;1;0;0;0;0
org.argouml.uml.diagram.state.ui.ButtonActionNewEvent;0;1;0;1;0;1;0;1;0;1;0;1;0;1;0;1;0;1;0;1;0;1;0;1;0;1;0;1;0;1;0;1;0;1;0;1;0;1;0;1;0;1;0;1;0;1;0;1;0;1;0;1;0;1;0;1;0;1;0;1;0;1;0;1;0;1;0;1;0;1;0;1;0;1;0;1;0;1
org.argouml.notation.providers.uml.ObjectFlowStateTypeNotationUml;0;2;0;0;0;2;0;2;0;2;0;0;0;2;0;2;0;0;0;2;0;2;0;2;0;0;0;2;0;2;0;2;0;2;0;0;0;0;0;2;0;2;0;2;0;2;0;2;0;2;0;0;0;0;0;2;0;2;0;2;0;2;0;2;0;2;0;2;0;2;0;0;0;2;0;2;0;0
org.argouml.uml.diagram.ui.ActionAddExtensionPoint;0;1;0;1;0;1;0;1;0;1;0;1;0;1;0;1;0;1;0;1;0;1;0;1;0;1;0;1;0;1;0;1;0;1;0;1;0;1;0;1;0;1;0;1;0;1;0;1;0;1;0;1;0;1;0;1;0;1;0;1;0;1;0;1;0;1;0;1;0;1;0;1;0;1;0;1;0;1
org.argouml.ui.cmd.ActionPrint;0;1;0;1;0;1;0;1;0;1;0;1;0;1;0;1;0;1;0;1;0;1;0;1;0;1;0;1;0;1;0;1;0;1;0;1;0;1;0;1;0;1;0;1;0;1;0;1;0;1;0;1;0;1;0;1;0;1;0;1;0;1;0;1;0;1;0;1;0;1;0;1;0;1;0;1;0;1
org.argouml.application.configuration.IConfigurationFactory;0;0;1;0;0;0;0;0;0;0;1;0;0;0;0;0;0;0;0;0;0;0;0;0;0;0;0;0;0;0;0;0;0;0;0;0;0;0;0;0;0;0;0;0;0;0;0;0;0;0;0;0;1;0;0;0;0;0;0;0;0;0;0;0;0;0;0;0;0;0;0;0;0;0;0;0;0;0
org.argouml.ui.targetmanager.TargetEvent;3;0;3;0;3;0;3;0;3;0;3;0;3;0;3;0;3;0;3;0;3;0;3;0;3;0;3;0;3;0;3;0;3;0;3;0;3;0;3;0;3;0;3;0;3;0;3;0;3;0;3;0;3;0;3;0;3;0;3;0;3;0;3;0;3;0;3;0;3;0;3;0;3;0;3;0;3;0
org.argouml.ui.ZoomSliderButton;0;1;0;1;0;1;0;1;0;1;0;1;0;1;0;1;0;1;0;1;0;1;0;1;0;1;0;1;0;1;0;1;0;1;0;1;0;1;0;1;0;1;0;1;0;1;0;1;0;1;0;1;0;1;0;1;0;1;0;1;0;1;0;1;0;1;0;1;0;1;0;1;0;1;0;1;0;1
org.argouml.uml.diagram.ExtensionsCompartmentContainer;1;0;0;0;1;0;0;0;1;0;0;0;0;0;0;0;0;0;1;0;0;0;1;0;0;0;1;0;1;0;1;0;1;0;0;0;0;0;1;0;1;0;0;0;1;0;1;0;0;0;0;0;0;0;1;0;0;0;1;0;0;0;0;0;1;0;1;0;0;0;0;0;1;0;0;0;0;0
org.argouml.notation.NotationName;1;0;1;0;1;0;0;0;1;0;1;0;0;0;0;0;1;0;1;0;0;0;1;0;1;0;1;0;1;0;1;0;1;0;1;0;1;0;1;0;1;0;0;0;1;0;1;0;0;0;1;0;1;0;1;0;1;0;1;0;1;0;0;0;1;0;1;0;0;0;1;0;1;0;0;0;1;0
org.argouml.ocl.OCLUtil;1;0;1;0;1;0;1;0;1;0;1;0;1;0;1;0;1;0;1;0;1;0;1;0;1;0;1;0;1;0;1;0;1;0;1;0;1;0;1;0;1;0;1;0;1;0;1;0;1;0;1;0;1;0;1;0;1;0;1;0;1;0;1;0;1;0;1;0;1;0;1;0;1;0;1;0;1;0
org.argouml.uml.reveng.ui.RESequenceDiagramDialog;0;10;0;11;0;10;0;10;0;10;0;11;0;11;0;10;0;11;0;10;0;10;0;10;0;11;0;10;0;10;0;10;0;10;0;11;0;11;0;10;0;10;0;11;0;10;0;10;0;10;0;11;0;11;0;10;0;10;0;10;0;11;0;10;0;10;0;10;0;10;0;11;0;10;0;11;0;11
org.argouml.uml.diagram.ui.StereotypeContainer;0;0;1;0;0;0;1;0;0;0;1;0;1;0;1;0;1;0;0;0;1;0;0;0;1;0;0;0;0;0;0;0;0;0;1;0;1;0;0;0;0;0;1;0;0;0;0;0;1;0;1;0;1;0;0;0;1;0;0;0;1;0;1;0;0;0;0;0;1;0;1;0;0;0;1;0;1;0
org.argouml.uml.diagram.StereotypeContainer;1;0;0;0;1;0;0;0;1;0;0;0;0;0;0;0;0;0;1;0;0;0;1;0;0;0;1;0;1;0;1;0;1;0;0;0;0;0;1;0;1;0;0;0;1;0;1;0;0;0;0;0;0;0;1;0;0;0;1;0;0;0;0;0;1;0;1;0;0;0;0;0;1;0;0;0;0;0
org.argouml.ui.NavigatorPane;0;0;0;5;0;0;0;5;0;5;0;0;0;5;0;0;0;0;0;5;0;5;0;5;0;5;0;5;0;0;0;0;0;0;0;5;0;0;0;0;0;0;0;5;0;5;0;0;0;0;0;5;0;0;0;0;0;0;0;0;0;5;0;0;0;0;0;5;0;5;0;0;0;0;0;5;0;5
org.argouml.ui.ActionProjectSettings;0;1;0;1;0;1;0;1;0;1;0;1;0;1;0;1;0;1;0;1;0;1;0;1;0;1;0;1;0;1;0;1;0;1;0;1;0;1;0;1;0;1;0;1;0;1;0;1;0;1;0;1;0;1;0;1;0;1;0;1;0;1;0;1;0;1;0;1;0;1;0;1;0;1;0;1;0;1
org.argouml.notation.Notation;2;2;2;4;2;2;1;2;2;2;2;4;1;2;1;2;2;4;2;2;1;2;2;2;2;4;2;2;2;2;2;2;2;2;2;4;2;4;2;2;2;2;1;2;2;2;2;2;1;2;2;4;2;4;2;2;2;2;2;2;2;4;1;2;2;2;2;2;1;2;2;4;2;2;1;2;2;4
org.argouml.uml.diagram.UMLMutableGraphSupport;2;0;2;0;2;0;2;0;2;0;2;0;2;0;1;0;2;0;2;0;1;0;2;0;2;0;2;0;2;0;2;0;2;0;2;0;2;0;2;0;2;0;2;0;2;0;2;0;1;0;2;0;2;0;2;0;1;0;2;0;2;0;1;0;2;0;2;0;1;0;2;0;2;0;2;0;2;0
org.argouml.ui.ArgoDialog;0;0;6;0;0;0;0;0;0;0;6;0;6;0;0;0;6;0;0;0;0;0;0;0;6;0;0;0;0;0;0;0;0;0;6;0;6;0;0;0;0;0;6;0;0;0;0;0;0;0;6;0;6;0;0;0;0;0;0;0;6;0;0;0;0;0;0;0;0;0;6;0;0;0;6;0;6;0
org.argouml.application.events.ArgoEvent;0;0;0;0;0;0;0;0;0;0;0;0;0;0;0;0;0;0;0;0;0;0;0;0;0;0;1;0;0;0;0;0;0;0;0;0;0;0;1;0;0;0;0;0;0;0;0;0;0;0;0;0;0;0;0;0;0;0;0;0;0;0;0;0;0;0;0;0;0;0;0;0;0;0;0;0;0;0
org.argouml.persistence.OldModelMemberFilePersister;0;3;0;4;0;3;0;3;0;3;0;4;0;3;0;3;0;4;0;3;0;3;0;3;0;4;0;3;0;3;0;3;0;3;0;4;0;4;0;3;0;3;0;3;0;3;0;3;0;3;0;4;0;4;0;3;0;3;0;3;0;4;0;3;0;3;0;3;0;3;0;4;0;3;0;3;0;4
org.argouml.ui.StylePanel;0;1;0;0;0;1;0;1;0;1;0;0;0;1;0;1;0;0;0;1;0;1;0;1;0;0;0;1;0;1;0;1;0;1;0;0;0;0;0;1;0;1;0;1;0;1;0;1;0;1;0;0;0;0;0;1;0;1;0;1;0;0;0;1;0;1;0;1;0;1;0;0;0;1;0;0;0;0
org.argouml.notation.providers.uml.InitNotationUml;0;2;0;0;0;2;0;0;0;2;0;0;0;0;0;0;0;0;0;2;0;0;0;2;0;0;0;2;0;2;0;2;0;2;0;0;0;0;0;2;0;2;0;0;0;2;0;2;0;0;0;0;0;0;0;2;0;2;0;2;0;0;0;0;0;2;0;2;0;0;0;0;0;2;0;0;0;0
org.argouml.cognitive.ui.WizStepConfirm;0;1;0;1;0;1;0;1;0;1;0;1;0;1;0;1;0;1;0;1;0;1;0;1;0;1;0;1;0;1;0;1;0;1;0;1;0;1;0;1;0;1;0;1;0;1;0;1;0;1;0;1;0;1;0;1;0;1;0;1;0;1;0;1;0;1;0;1;0;1;0;1;0;1;0;1;0;1
org.argouml.application.api.CommandLineInterface;2;0;2;0;2;0;2;0;2;0;2;0;2;0;2;0;2;0;2;0;2;0;2;0;2;0;2;0;2;0;2;0;2;0;2;0;2;0;2;0;2;0;2;0;2;0;2;0;2;0;2;0;2;0;2;0;2;0;2;0;2;0;2;0;2;0;2;0;2;0;2;0;2;0;2;0;2;0
org.argouml.notation.providers.java.AttributeNotationJava;0;2;0;0;0;2;0;2;0;2;0;0;0;2;0;2;0;0;0;2;0;2;0;2;0;0;0;2;0;2;0;2;0;2;0;0;0;0;0;2;0;2;0;2;0;2;0;2;0;2;0;0;0;0;0;2;0;2;0;2;0;2;0;2;0;2;0;2;0;2;0;0;0;2;0;2;0;0
org.argouml.uml.diagram.state.ui.ButtonActionNewEffect;0;1;0;1;0;1;0;1;0;1;0;1;0;1;0;1;0;1;0;1;0;1;0;1;0;1;0;1;0;1;0;1;0;1;0;1;0;1;0;1;0;1;0;1;0;1;0;1;0;1;0;1;0;1;0;1;0;1;0;1;0;1;0;1;0;1;0;1;0;1;0;1;0;1;0;1;0;1
org.argouml.ui.cmd.ActionFind;0;1;0;1;0;1;0;1;0;1;0;1;0;1;0;1;0;1;0;1;0;1;0;1;0;1;0;1;0;1;0;1;0;1;0;1;0;1;0;1;0;1;0;1;0;1;0;1;0;1;0;1;0;1;0;1;0;1;0;1;0;1;0;1;0;1;0;1;0;1;0;1;0;1;0;1;0;1
org.argouml.ui.cmd.ShortcutChangedListener;0;0;1;0;0;0;0;0;0;0;1;0;0;0;0;0;1;0;0;0;0;0;0;0;1;0;0;0;0;0;0;0;0;0;1;0;1;0;0;0;0;0;0;0;0;0;0;0;0;0;1;0;1;0;0;0;0;0;0;0;0;0;0;0;0;0;0;0;0;0;0;0;0;0;0;0;1;0
org.argouml.ui.cmd.ToDoItemAction;0;0;1;1;0;0;0;0;0;0;1;1;1;1;0;0;1;1;0;0;0;0;0;0;1;1;0;0;0;0;0;0;0;0;1;1;1;1;0;0;0;0;1;1;0;0;0;0;0;0;1;1;1;1;0;0;0;0;0;0;1;1;0;0;0;0;0;0;0;0;1;1;0;0;1;1;1;1
org.argouml.ui.cmd.InitUiCmdSubsystem;0;1;0;0;0;1;0;0;0;1;0;0;0;0;0;0;0;0;0;1;0;0;0;1;0;0;0;1;0;1;0;1;0;1;0;0;0;0;0;1;0;1;0;0;0;1;0;1;0;0;0;0;0;0;0;1;0;1;0;1;0;0;0;0;0;1;0;1;0;0;0;0;0;1;0;0;0;0
org.argouml.ui.SettingsTabShortcuts;0;0;0;0;0;0;0;0;0;0;0;0;0;0;0;0;0;0;0;0;0;0;0;0;0;0;0;0;0;0;0;0;0;0;0;0;0;0;0;0;0;0;0;0;0;0;0;0;0;0;0;0;0;0;0;0;0;0;0;0;0;0;0;1;0;0;0;0;0;1;0;0;0;0;0;0;0;0
org.argouml.ui.cmd.LastRecentlyUsedMenuList;0;1;0;2;0;1;0;1;0;1;0;2;0;1;0;1;0;2;0;1;0;1;0;1;0;2;0;1;0;1;0;1;0;1;0;2;0;2;0;1;0;1;0;1;0;1;0;1;0;1;0;2;0;2;0;1;0;1;0;1;0;2;0;1;0;1;0;1;0;1;0;2;0;1;0;1;0;2
org.argouml.uml.diagram.AttributesCompartmentContainer;1;0;0;0;1;0;0;0;1;0;0;0;0;0;0;0;0;0;1;0;0;0;1;0;0;0;1;0;1;0;1;0;1;0;0;0;0;0;1;0;1;0;0;0;1;0;1;0;0;0;0;0;0;0;1;0;0;0;1;0;0;0;0;0;1;0;1;0;0;0;0;0;1;0;0;0;0;0
org.argouml.uml.diagram.ui.ActionAddExistingEdge;1;0;1;0;1;0;1;0;1;0;1;0;1;0;1;0;1;0;1;0;1;0;1;0;1;0;1;0;1;0;1;0;1;0;1;0;1;0;1;0;1;0;1;0;1;0;1;0;1;0;1;0;1;0;1;0;1;0;1;0;1;0;1;0;1;0;1;0;1;0;1;0;1;0;1;0;1;0
org.argouml.ui.targetmanager.ActionAddAttribute;0;0;0;1;0;0;0;0;0;0;0;1;0;0;0;0;0;1;0;0;0;0;0;0;0;1;0;0;0;0;0;0;0;0;0;1;0;1;0;0;0;0;0;0;0;0;0;0;0;0;0;1;0;1;0;0;0;0;0;0;0;1;0;0;0;0;0;0;0;0;0;1;0;0;0;0;0;1
org.argouml.notation.ui.NotationComboBox;0;3;0;3;0;3;0;3;0;3;0;3;0;3;0;3;0;3;0;3;0;3;0;3;0;3;0;3;0;3;0;3;0;3;0;3;0;3;0;3;0;3;0;3;0;3;0;3;0;3;0;3;0;3;0;3;0;3;0;3;0;3;0;3;0;3;0;3;0;3;0;3;0;3;0;3;0;3
org.argouml.cognitive.ToDoItem;5;0;6;0;5;0;6;0;5;0;6;0;6;0;5;0;6;0;5;0;5;0;5;0;6;0;5;0;5;0;5;0;5;0;6;0;6;0;5;0;5;0;6;0;5;0;5;0;6;0;6;0;6;0;5;0;5;0;5;0;6;0;5;0;5;0;5;0;5;0;6;0;5;0;6;0;6;0
org.argouml.ui.SplashPanel;0;2;0;2;0;2;0;2;0;2;0;2;0;2;0;2;0;2;0;2;0;2;0;2;0;2;0;2;0;2;0;2;0;2;0;2;0;2;0;2;0;2;0;2;0;2;0;2;0;2;0;2;0;2;0;2;0;2;0;2;0;2;0;2;0;2;0;2;0;2;0;2;0;2;0;2;0;2
org.argouml.language.java.generator.GeneratorJava;0;4;0;5;0;3;0;4;0;4;0;5;0;5;0;5;0;7;0;4;0;5;0;4;0;7;0;4;0;4;0;3;0;5;0;7;0;7;0;4;0;5;0;4;0;3;0;5;0;4;0;7;0;5;0;5;0;4;0;4;0;6;0;3;0;5;0;4;0;3;0;6;0;4;0;5;0;7
org.argouml.uml.reveng.DiagramInterface;1;7;2;8;2;7;2;8;1;7;2;8;2;8;2;8;2;8;2;7;2;8;1;7;2;8;2;7;2;7;1;7;2;7;2;8;2;8;2;7;1;7;2;8;1;7;1;7;2;8;2;8;2;8;1;7;2;8;2;8;2;8;2;8;2;8;1;7;2;8;2;8;1;7;2;8;2;8
org.argouml.notation.InitNotation;0;1;0;0;0;1;0;0;0;1;0;0;0;0;0;0;0;0;0;1;0;0;0;1;0;0;0;1;0;1;0;1;0;1;0;0;0;0;0;1;0;1;0;0;0;1;0;1;0;0;0;0;0;0;0;1;0;1;0;1;0;0;0;1;0;1;0;1;0;1;0;0;0;1;0;0;0;0
org.argouml.uml.diagram.static_structure.ui.FigComment;0;0;1;0;0;0;0;0;0;0;1;0;0;0;0;0;1;0;0;0;0;0;0;0;1;0;0;0;0;0;0;0;0;0;1;0;1;0;0;0;0;0;0;0;0;0;0;0;0;0;1;0;1;0;0;0;0;0;0;0;1;0;0;0;0;0;0;0;0;0;1;0;0;0;1;0;1;0
org.argouml.ui.ProjectActions;0;4;0;0;0;3;0;0;0;4;0;0;0;0;0;0;0;0;0;3;0;0;0;4;0;0;0;3;0;3;0;4;0;3;0;0;0;0;0;3;0;4;0;0;0;4;0;4;0;0;0;0;0;0;0;4;0;0;0;3;0;0;0;0;0;3;0;4;0;0;0;0;0;4;0;0;0;0
org.argouml.uml.diagram.ui.ActionSetMode;0;1;0;0;0;1;0;0;0;1;0;0;0;0;0;1;0;0;0;1;0;1;0;1;0;0;0;1;0;1;0;1;0;1;0;0;0;0;0;1;0;1;0;0;0;1;0;1;0;1;0;0;0;0;0;1;0;1;0;1;0;0;0;1;0;1;0;1;0;1;0;0;0;1;0;0;0;0
org.argouml.notation.providers.uml.StateBodyNotationUml;0;2;0;0;0;2;0;2;0;2;0;0;0;2;0;2;0;0;0;2;0;2;0;2;0;0;0;2;0;2;0;2;0;2;0;0;0;0;0;2;0;2;0;2;0;2;0;2;0;2;0;0;0;0;0;2;0;2;0;2;0;2;0;2;0;2;0;2;0;2;0;0;0;2;0;2;0;0
org.argouml.uml.diagram.ui.OperationsCompartmentContainer;0;0;1;0;0;0;1;0;0;0;1;0;1;0;1;0;1;0;0;0;1;0;0;0;1;0;0;0;0;0;0;0;0;0;1;0;1;0;0;0;0;0;1;0;0;0;0;0;1;0;1;0;1;0;0;0;1;0;0;0;1;0;1;0;0;0;0;0;1;0;1;0;0;0;1;0;1;0
org.argouml.uml.diagram.sequence.ui.FigClassifierRole;1;0;1;0;1;0;1;0;1;0;1;0;1;0;1;0;1;0;1;0;1;0;1;0;1;0;1;0;1;0;1;0;1;0;1;0;1;0;1;0;1;0;1;0;1;0;1;0;1;0;1;0;1;0;1;0;1;0;1;0;1;0;1;0;1;0;1;0;1;0;1;0;1;0;1;0;1;0
org.argouml.ui.ShadowComboBox;1;1;1;1;1;1;1;1;1;1;1;1;1;1;1;1;1;1;1;1;1;1;1;1;1;1;1;1;1;1;1;1;1;1;1;1;1;1;1;1;1;1;1;1;1;1;1;1;1;1;1;1;1;1;1;1;1;1;1;1;1;1;1;1;1;1;1;1;1;1;1;1;1;1;1;1;1;1
org.argouml.notation.providers.uml.ObjectFlowStateStateNotationUml;0;2;0;0;0;2;0;2;0;2;0;0;0;2;0;2;0;0;0;2;0;2;0;2;0;0;0;2;0;2;0;2;0;2;0;0;0;0;0;2;0;2;0;2;0;2;0;2;0;2;0;0;0;0;0;2;0;2;0;2;0;2;0;2;0;2;0;2;0;2;0;0;0;2;0;2;0;0
org.argouml.notation.providers.uml.AssociationNameNotationUml;1;2;0;0;1;2;1;2;1;2;0;0;1;2;1;2;0;0;1;2;1;2;1;2;0;0;1;2;1;2;1;2;1;2;0;0;0;0;1;2;1;2;1;2;1;2;1;2;1;2;0;0;0;0;1;2;1;2;1;2;1;2;1;2;1;2;1;2;1;2;0;0;1;2;1;2;0;0
org.argouml.ui.CheckboxTableModel;1;0;1;0;1;0;1;0;1;0;1;0;1;0;1;0;1;0;1;0;1;0;1;0;1;0;1;0;1;0;1;0;1;0;1;0;1;0;1;0;1;0;1;0;1;0;1;0;1;0;1;0;1;0;1;0;1;0;1;0;1;0;1;0;1;0;1;0;1;0;1;0;1;0;1;0;1;0
org.argouml.language.java.cognitive.critics.InitJavaCritics;0;3;0;0;0;2;0;0;0;3;0;0;0;0;0;0;0;0;0;3;0;0;0;3;0;0;0;3;0;3;0;2;0;3;0;0;0;0;0;3;0;3;0;0;0;2;0;3;0;0;0;0;0;0;0;3;0;2;0;3;0;0;0;0;0;3;0;3;0;0;0;0;0;2;0;0;0;0
org.argouml.ui.SettingsTabEnvironment;0;2;0;3;0;2;0;1;0;2;0;3;0;2;0;1;0;3;0;2;0;1;0;2;0;3;0;2;0;2;0;2;0;2;0;3;0;3;0;2;0;2;0;2;0;2;0;2;0;1;0;3;0;3;0;2;0;2;0;2;0;3;0;2;0;2;0;2;0;2;0;3;0;2;0;2;0;3
org.argouml.application.configuration.ConfigurationKeyImpl;0;0;1;0;0;0;0;0;0;0;1;0;0;0;0;0;0;0;0;0;0;0;0;0;0;0;0;0;0;0;0;0;0;0;0;0;0;0;0;0;0;0;0;0;0;0;0;0;0;0;0;0;1;0;0;0;0;0;0;0;0;0;0;0;0;0;0;0;0;0;0;0;0;0;0;0;0;0
org.argouml.ui.StylePanelFig;0;1;0;0;0;0;0;0;0;1;0;0;0;0;0;0;0;0;0;0;0;0;0;1;0;0;0;0;0;0;0;1;0;0;0;0;0;0;0;0;0;0;0;0;0;0;0;1;0;0;0;0;0;0;0;0;0;0;0;0;0;0;0;0;0;0;0;1;0;0;0;0;0;1;0;0;0;0
org.argouml.persistence.DiagramMemberFilePersister;0;1;0;1;0;1;0;1;0;1;0;1;0;1;0;1;0;1;0;1;0;1;0;1;0;1;0;1;0;1;0;1;0;1;0;1;0;1;0;1;0;1;0;1;0;1;0;1;0;1;0;1;0;1;0;1;0;1;0;1;0;1;0;1;0;1;0;1;0;1;0;1;0;1;0;1;0;1
org.argouml.cognitive.ui.ActionSnooze;0;1;0;0;0;0;0;0;0;1;0;0;0;0;0;0;0;0;0;0;0;0;0;1;0;0;0;0;0;0;0;1;0;0;0;0;0;0;0;0;0;1;0;0;0;1;0;1;0;0;0;0;0;0;0;1;0;0;0;0;0;0;0;0;0;0;0;1;0;0;0;0;0;1;0;0;0;0
org.argouml.persistence.PGMLStackParser;0;8;0;7;0;8;0;8;0;8;0;7;0;7;0;8;0;7;0;8;0;8;0;8;0;7;0;8;0;8;0;8;0;8;0;7;0;7;0;8;0;8;0;8;0;8;0;8;0;8;0;7;0;7;0;8;0;8;0;8;0;7;0;8;0;8;0;8;0;8;0;7;0;8;0;7;0;7
org.argouml.cognitive.Designer;10;3;10;1;10;2;10;3;10;3;10;1;10;4;10;3;10;4;10;3;10;3;10;3;10;4;10;3;10;3;10;2;10;3;10;4;10;4;10;3;10;3;10;3;10;2;10;3;10;2;10;4;10;1;10;3;10;2;10;3;10;3;10;2;10;3;10;3;10;2;10;3;10;2;10;4;10;4
org.argouml.cognitive.ui.GoalsDialog;1;0;1;1;1;0;1;0;1;0;1;1;1;1;1;0;1;1;1;0;1;0;1;0;1;1;1;0;1;0;1;0;1;0;1;1;1;1;1;0;1;0;1;1;1;0;1;0;1;0;1;1;1;1;1;0;1;0;1;0;1;1;1;0;1;0;1;0;1;0;1;1;1;0;1;1;1;1
org.argouml.ui.ProjectSettingsTabProfile;0;1;0;0;0;0;0;0;0;2;0;0;0;0;0;0;0;0;0;0;0;0;0;2;0;0;0;0;0;0;0;1;0;0;0;0;0;0;0;0;0;0;0;0;0;0;0;1;0;0;0;0;0;0;0;0;0;0;0;0;0;0;0;0;0;0;0;2;0;0;0;0;0;1;0;0;0;0
org.argouml.persistence.ToDoItemXMLHelper;0;1;0;1;0;1;0;1;0;1;0;1;0;1;0;1;0;1;0;1;0;1;0;1;0;1;0;1;0;1;0;1;0;1;0;1;0;1;0;1;0;1;0;1;0;1;0;1;0;1;0;1;0;1;0;1;0;1;0;1;0;1;0;1;0;1;0;1;0;1;0;1;0;1;0;1;0;1
org.argouml.application.events.ArgoEventPump;31;0;8;0;31;0;29;0;31;0;8;0;29;0;29;0;8;0;31;0;29;0;31;0;8;0;31;0;31;0;31;0;31;0;8;0;8;0;31;0;31;0;29;0;31;0;31;0;29;0;8;0;8;0;31;0;29;0;31;0;29;0;29;0;31;0;31;0;29;0;8;0;31;0;29;0;8;0
org.argouml.uml.diagram.ui.FigRole;0;3;0;3;0;3;0;3;0;3;0;3;0;3;0;3;0;3;0;3;0;3;0;3;0;3;0;3;0;3;0;3;0;3;0;3;0;3;0;3;0;3;0;3;0;3;0;3;0;3;0;3;0;3;0;3;0;3;0;3;0;3;0;3;0;3;0;3;0;3;0;3;0;3;0;3;0;3
org.argouml.ui.explorer.Relocatable;0;0;1;0;0;0;1;0;0;0;0;0;1;0;0;0;0;0;0;0;1;0;0;0;1;0;0;0;0;0;0;0;0;0;1;0;0;0;0;0;0;0;1;0;0;0;0;0;0;0;1;0;0;0;0;0;0;0;0;0;1;0;0;0;0;0;0;0;1;0;0;0;0;0;1;0;1;0
org.argouml.cognitive.Poster;0;0;1;0;0;0;0;0;0;0;1;0;1;0;0;0;1;0;0;0;0;0;0;0;1;0;0;0;0;0;0;0;0;0;1;0;1;0;0;0;0;0;1;0;0;0;0;0;0;0;1;0;1;0;0;0;0;0;0;0;1;0;0;0;0;0;0;0;0;0;1;0;0;0;1;0;1;0
org.argouml.uml.diagram.DiagramFactory;4;0;4;0;4;0;4;0;4;0;4;0;4;0;4;0;4;0;4;0;4;0;4;0;4;0;4;0;4;0;4;0;4;0;4;0;4;0;4;0;4;0;4;0;4;0;4;0;4;0;4;0;4;0;4;0;4;0;4;0;4;0;4;0;4;0;4;0;4;0;4;0;4;0;4;0;4;0
org.argouml.persistence.ZipFilePersister;0;0;0;0;0;0;0;1;0;0;0;0;0;1;0;0;0;0;0;0;0;0;0;0;0;0;0;0;0;0;0;0;0;0;0;0;0;0;0;0;0;0;0;1;0;0;0;0;0;1;0;0;0;0;0;0;0;0;0;0;0;0;0;0;0;0;0;0;0;0;0;0;0;0;0;0;0;0
org.argouml.application.events.ArgoDiagramAppearanceEventListener;2;0;0;0;0;0;0;0;2;0;0;0;0;0;0;0;0;0;0;0;0;0;2;0;0;0;0;0;0;0;2;0;0;0;0;0;0;0;0;0;2;0;0;0;2;0;2;0;0;0;0;0;0;0;2;0;0;0;0;0;0;0;0;0;0;0;2;0;0;0;0;0;2;0;0;0;0;0
org.argouml.persistence.ProgressEvent;0;0;2;0;0;0;0;0;0;0;2;0;0;0;0;0;2;0;0;0;0;0;0;0;1;0;0;0;0;0;0;0;0;0;2;0;1;0;0;0;0;0;0;0;0;0;0;0;0;0;2;0;1;0;0;0;0;0;0;0;0;0;0;0;0;0;0;0;0;0;0;0;0;0;0;0;1;0
org.argouml.application.helpers.ApplicationVersion;9;0;0;0;7;0;7;0;9;0;0;0;7;0;7;0;0;0;7;0;7;0;9;0;0;0;7;0;7;0;9;0;7;0;0;0;0;0;7;0;7;0;7;0;7;0;9;0;7;0;0;0;0;0;7;0;7;0;7;0;0;0;7;0;7;0;9;0;7;0;0;0;9;0;7;0;0;0
org.argouml.notation.providers.uml.MultiplicityNotationUml;0;2;0;0;0;2;0;0;0;2;0;0;0;0;0;0;0;0;0;2;0;0;0;2;0;0;0;2;0;2;0;2;0;2;0;0;0;0;0;2;0;2;0;0;0;2;0;2;0;0;0;0;0;0;0;2;0;0;0;0;0;0;0;0;0;0;0;2;0;0;0;0;0;2;0;0;0;0
