7_Package;Class;Indegree_01;Outdegree_01;Indegree_02;Outdegree_02;Indegree_03;Outdegree_03;Indegree_04;Outdegree_04;Indegree_05;Outdegree_05;Indegree_06;Outdegree_06;Indegree_07;Outdegree_07;Indegree_08;Outdegree_08;Indegree_09;Outdegree_09;Indegree_10;Outdegree_10;Indegree_11;Outdegree_11;Indegree_12;Outdegree_12;Indegree_13;Outdegree_13;Indegree_14;Outdegree_14;Indegree_15;Outdegree_15;Indegree_16;Outdegree_16;Indegree_17;Outdegree_17;Indegree_18;Outdegree_18;Indegree_19;Outdegree_19;Indegree_20;Outdegree_20;Indegree_21;Outdegree_21;Indegree_22;Outdegree_22;Indegree_23;Outdegree_23;Indegree_24;Outdegree_24;Indegree_25;Outdegree_25;Indegree_26;Outdegree_26;Indegree_27;Outdegree_27;Indegree_28;Outdegree_28;Indegree_29;Outdegree_29;Indegree_30;Outdegree_30;Indegree_31;Outdegree_31;Indegree_32;Outdegree_32;Indegree_33;Outdegree_33;Indegree_34;Outdegree_34;Indegree_35;Outdegree_35;Indegree_36;Outdegree_36;Indegree_37;Outdegree_37
util;org.apache.lucene.util.packed.PackedReaderIterator;0;2;0;2;0;2;0;2;0;2;0;2;0;2;0;2;0;2;0;2;0;2;0;2;0;2;0;2;0;2;0;2;0;2;0;2;0;2;0;2;0;2;0;2;0;2;0;2;0;2;0;2;0;2;0;2;0;2;0;2;0;2;0;2;0;2;0;2;0;2;0;2;0;2
index;org.apache.lucene.index.MultiNorms;0;0;0;0;0;0;0;0;0;0;0;0;0;0;0;0;0;0;0;0;0;0;0;0;0;0;0;0;0;0;0;0;0;0;0;0;0;0;0;0;0;0;0;0;0;0;0;0;0;0;0;0;0;0;0;0;0;0;0;1;0;0;0;0;0;0;0;0;0;0;0;0;0;0
analysis;org.apache.lucene.analysis.Analyzer;1;1;1;1;1;1;1;1;1;1;1;1;1;1;1;1;1;1;1;1;1;1;1;1;1;1;1;1;1;1;1;1;1;1;1;1;1;1;1;1;1;1;1;1;1;1;1;1;1;1;1;1;1;1;1;1;1;1;1;1;1;1;1;1;1;1;1;1;1;1;1;1;1;1
index;org.apache.lucene.index.MultiDocsEnum;0;1;0;1;0;1;0;1;0;1;0;1;0;1;0;1;0;1;0;1;0;1;0;1;0;1;0;1;0;1;0;1;0;1;0;1;0;1;0;1;0;1;0;1;0;1;0;1;0;1;0;1;0;1;0;1;0;1;0;1;0;1;0;1;0;1;0;1;0;1;0;1;0;1
util;org.apache.lucene.util.packed.Packed64;0;2;0;2;0;2;0;2;0;2;0;2;0;2;0;2;0;2;0;2;0;2;0;2;0;2;0;2;0;2;0;2;0;2;0;2;0;2;0;2;0;2;0;2;0;2;0;2;0;2;0;2;0;2;0;2;0;2;0;2;0;2;0;2;0;2;0;2;0;2;0;2;0;2
util;org.apache.lucene.util.SortedVIntList;0;3;0;4;0;3;0;4;0;3;0;3;0;3;0;3;0;4;0;4;0;4;0;3;0;3;0;4;0;3;0;4;0;3;0;4;0;3;0;3;0;4;0;4;0;3;0;4;0;3;0;3;0;3;0;4;0;3;0;4;0;4;0;3;0;3;0;3;0;4;0;3;0;4
store;org.apache.lucene.store.MMapDirectory;11;1;11;1;11;1;11;1;11;1;11;1;11;1;11;1;11;1;11;1;11;1;11;1;11;1;11;1;11;1;11;1;11;1;11;1;11;1;11;1;11;1;11;1;11;1;11;1;11;1;15;1;15;1;15;1;15;1;15;1;15;1;15;1;15;1;15;1;15;1;15;1;15;1
index;org.apache.lucene.index.IndexWriterConfig;0;1;0;1;0;1;0;1;0;1;0;1;0;1;0;1;0;1;0;1;0;1;0;1;0;1;0;1;0;1;0;1;0;1;0;1;0;1;0;1;0;1;0;1;0;1;0;1;0;1;0;1;0;1;0;1;0;1;0;1;0;1;0;1;0;2;0;2;0;2;0;2;0;2
index;org.apache.lucene.index.Payload;3;0;3;0;3;0;3;0;3;0;3;0;3;0;3;0;3;0;3;0;3;0;3;0;3;0;3;0;3;0;3;0;3;0;3;0;3;0;3;0;3;0;3;0;3;0;3;0;3;0;3;0;3;0;3;0;3;0;3;0;3;0;3;0;3;0;3;0;3;0;3;0;3;0
index;org.apache.lucene.index.MultiFieldsEnum;0;1;0;1;0;1;0;1;0;1;0;1;0;1;0;1;0;1;0;1;0;1;0;1;0;1;0;1;0;1;0;1;0;1;0;1;0;1;0;1;0;1;0;1;0;1;0;1;0;1;0;1;0;1;0;1;0;1;0;1;0;1;0;1;0;1;0;1;0;1;0;1;0;1
index;org.apache.lucene.index.BufferedDeletesStream;0;0;0;0;0;0;0;0;0;0;0;0;0;0;0;0;0;0;0;0;0;0;0;0;0;0;0;0;0;0;0;0;0;0;0;0;0;0;0;0;0;0;0;0;0;0;0;0;0;0;0;0;0;0;0;0;0;0;0;0;0;0;0;0;0;5;0;6;0;6;0;6;0;6
util;org.apache.lucene.util.OpenBitSetDISI;0;2;0;2;0;2;0;2;0;2;0;2;0;2;0;2;0;2;0;2;0;2;0;2;0;2;0;2;0;2;0;2;0;2;0;2;0;2;0;2;0;2;0;2;0;2;0;2;0;2;0;2;0;2;0;2;0;2;0;2;0;2;0;2;0;2;0;2;0;2;0;2;0;2
util;org.apache.lucene.util.packed.Direct64;0;2;0;2;0;2;0;2;0;2;0;2;0;2;0;2;0;2;0;2;0;2;0;2;0;2;0;2;0;2;0;2;0;2;0;2;0;2;0;2;0;2;0;2;0;2;0;2;0;2;0;2;0;2;0;2;0;2;0;2;0;2;0;2;0;2;0;2;0;2;0;2;0;2
util;org.apache.lucene.util.OpenBitSet;0;2;0;3;0;2;0;3;0;2;0;2;0;2;0;2;0;3;0;3;0;3;0;2;0;2;0;3;0;2;0;3;0;2;0;3;0;2;0;2;0;3;0;3;0;2;0;3;0;2;0;2;0;2;0;3;0;2;0;3;0;3;0;2;0;2;0;2;0;3;0;2;0;3
index;org.apache.lucene.index.IndexFormatTooOldException;1;0;1;0;1;0;1;0;1;0;1;0;1;0;1;0;1;0;1;0;1;0;1;0;1;0;1;0;1;0;1;0;1;0;1;0;1;0;1;0;1;0;1;0;1;0;1;0;1;0;1;0;1;0;1;0;1;0;1;0;1;0;1;0;1;0;1;0;1;0;1;0;1;0
search;org.apache.lucene.search.SimilarityProvider;0;0;0;0;0;0;0;0;0;0;0;0;0;0;0;0;0;0;0;0;0;0;0;0;0;0;0;0;0;0;0;0;0;0;0;0;0;0;0;0;0;0;0;0;0;0;0;0;0;0;0;0;0;0;0;0;0;0;0;0;0;0;0;0;3;0;3;0;3;0;3;0;3;0
search;org.apache.lucene.search.TopFieldDocs;0;0;0;0;0;0;0;0;0;0;0;0;0;0;0;0;0;0;0;0;0;0;1;0;1;0;1;0;1;0;1;0;1;0;1;0;1;0;1;0;1;0;1;0;1;0;1;0;1;0;1;0;1;0;1;0;1;0;1;0;1;0;1;0;1;0;1;0;1;0;1;0;1;0
store;org.apache.lucene.store.Directory;2;0;2;0;2;0;2;0;2;0;2;0;2;0;2;0;2;0;2;0;2;0;2;0;2;0;2;0;2;0;2;0;2;0;2;0;2;0;2;0;2;0;2;0;2;0;2;0;2;0;2;0;2;0;2;0;2;0;2;0;2;0;2;0;2;0;2;0;2;0;2;0;2;0
document;org.apache.lucene.document.AbstractField;0;1;0;1;0;1;0;1;0;1;0;1;0;1;0;1;0;1;0;1;0;1;0;1;0;1;0;1;0;1;0;1;0;1;0;1;0;1;0;1;0;1;0;1;0;1;0;1;0;1;0;1;0;1;0;1;0;1;0;1;0;1;0;1;0;1;0;1;0;1;0;1;0;1
index;org.apache.lucene.index.TermsHashPerField;0;0;0;0;0;0;0;0;0;0;0;0;0;0;0;0;0;0;0;0;0;0;1;0;1;0;1;0;1;0;1;0;1;0;0;0;0;0;0;0;0;0;0;0;1;0;1;0;1;0;1;0;1;0;1;0;1;0;1;0;0;1;0;1;0;1;0;1;0;1;0;1;0;1
search;org.apache.lucene.search.DocIdSetIterator;6;0;6;0;6;0;6;0;6;0;6;0;6;0;6;0;6;0;6;0;6;0;6;0;6;0;6;0;6;0;6;0;6;0;6;0;6;0;6;0;6;0;6;0;6;0;6;0;6;0;6;0;6;0;6;0;6;0;6;0;6;0;6;0;6;0;6;0;6;0;6;0;6;0
search;org.apache.lucene.search.MultiTermQuery;0;0;0;0;0;0;0;0;0;0;0;0;0;0;0;0;0;0;0;0;0;0;0;0;0;0;0;0;0;0;0;0;0;0;9;0;9;0;9;0;9;0;9;0;0;0;0;0;0;0;0;0;0;0;0;0;0;0;0;0;0;0;0;0;0;0;0;0;0;0;0;0;0;0
index;org.apache.lucene.index.codecs.PrefixCodedTermsReader;0;0;0;0;0;0;0;0;0;0;0;0;0;0;0;0;0;0;0;0;0;0;0;0;0;0;0;0;0;0;0;0;0;0;0;0;0;0;0;0;0;0;0;0;0;0;0;0;0;0;0;0;0;0;0;0;0;0;0;0;1;0;0;0;0;0;0;0;0;0;0;0;0;0
store;org.apache.lucene.store.DataOutput;0;0;0;0;0;0;0;0;0;0;0;0;0;0;0;0;0;0;0;0;0;0;0;0;0;0;0;0;0;0;0;0;0;0;0;0;0;0;0;0;0;0;0;0;0;0;0;0;0;0;7;0;7;0;7;0;7;0;7;0;7;0;7;0;7;0;7;0;7;0;7;0;7;0
index;org.apache.lucene.index.codecs.sep.SepPostingsWriterImpl;0;0;0;0;0;0;0;0;0;0;0;0;0;0;0;0;0;0;0;0;0;0;0;1;0;1;0;1;0;1;0;1;0;1;0;1;0;1;0;1;0;1;0;1;0;1;0;1;0;1;0;1;0;1;0;1;0;1;0;1;0;1;0;1;0;1;0;1;0;1;0;1;0;1
search;org.apache.lucene.search.ConstantScoreAutoRewrite;0;0;0;0;0;0;0;0;0;0;0;0;0;0;0;0;0;0;0;0;0;0;0;0;0;0;0;0;0;0;0;0;0;0;0;0;0;0;0;0;0;0;0;0;0;0;0;0;0;0;0;0;0;0;0;0;0;0;0;0;2;0;2;0;2;0;2;0;2;0;2;0;2;0
index;org.apache.lucene.index.SlowMultiReaderWrapper;0;0;0;0;0;0;0;0;0;0;0;0;0;0;0;0;0;0;0;0;0;0;0;0;0;0;0;0;0;0;0;0;0;0;0;0;0;0;0;0;0;0;0;0;0;0;0;0;0;0;0;0;0;0;0;0;0;0;0;1;0;0;0;0;0;0;0;0;0;0;0;0;0;0
search;org.apache.lucene.search.IndexSearcher;1;1;1;1;1;1;1;1;1;1;1;1;1;1;1;1;1;1;1;1;1;1;2;1;2;1;2;1;2;1;2;1;2;1;2;1;2;1;2;1;2;1;2;1;2;1;2;1;2;1;2;1;2;1;2;1;2;1;2;1;2;1;2;1;3;1;3;1;3;1;3;1;3;1
util;org.apache.lucene.util.OpenBitSetIterator;0;2;0;2;0;2;0;2;0;2;0;2;0;2;0;2;0;2;0;2;0;2;0;2;0;2;0;2;0;2;0;2;0;2;0;2;0;2;0;2;0;2;0;2;0;2;0;2;0;2;0;2;0;2;0;2;0;2;0;2;0;2;0;2;0;2;0;2;0;2;0;2;0;2
document;org.apache.lucene.document.Fieldable;0;1;0;1;0;1;0;1;0;1;0;1;0;1;0;1;0;1;0;1;0;1;0;1;0;1;0;1;0;1;0;1;0;1;0;1;0;1;0;1;0;1;0;1;0;1;0;1;0;1;0;1;0;1;0;1;0;1;0;1;0;1;0;1;0;1;0;1;0;1;0;1;0;1
store;org.apache.lucene.store.DataInput;0;0;0;0;0;0;0;0;0;0;0;0;0;0;0;0;0;0;0;0;0;0;0;0;0;0;0;0;0;0;0;0;0;0;0;0;0;0;0;0;0;0;0;0;0;0;0;0;0;0;7;0;7;0;7;0;7;0;7;0;7;0;7;0;7;0;7;0;7;0;7;0;7;0
search;org.apache.lucene.search.FieldCacheTermsFilter;0;0;3;0;0;0;3;0;0;0;0;0;0;0;0;0;3;0;3;0;3;0;0;0;0;0;3;0;0;0;3;0;0;0;3;0;0;0;0;0;3;0;3;0;0;0;3;0;0;0;0;0;0;0;3;0;0;0;3;0;3;0;0;0;0;0;0;0;3;0;0;0;3;0
search;org.apache.lucene.search.FilteredQuery;1;0;1;0;1;0;1;0;1;0;1;0;1;0;1;0;1;0;1;0;1;0;1;0;1;0;1;0;1;0;1;0;1;0;1;0;1;0;1;0;1;0;1;0;1;0;1;0;1;0;1;0;1;0;1;0;1;0;1;0;1;0;1;0;1;0;1;0;1;0;1;0;1;0
util;org.apache.lucene.util.automaton.fst.FST;0;0;0;0;0;0;0;0;0;0;0;0;0;0;0;0;0;0;0;0;0;0;0;0;0;0;0;0;0;0;0;0;0;0;0;0;0;0;0;0;0;0;0;0;0;0;0;0;0;0;0;6;0;6;0;6;0;6;0;6;0;6;0;6;0;6;0;6;0;6;0;6;0;6
util;org.apache.lucene.util.ScorerDocQueue;0;2;0;2;0;2;0;2;0;2;0;2;0;2;0;2;0;2;0;2;0;2;0;2;0;2;0;2;0;2;0;2;0;2;0;2;0;2;0;2;0;2;0;2;0;2;0;2;0;2;0;2;0;2;0;2;0;2;0;2;0;2;0;2;0;2;0;2;0;2;0;2;0;2
util;org.apache.lucene.util.PerReaderTermState;0;0;0;0;0;0;0;0;0;0;0;0;0;0;0;0;0;0;0;0;0;0;0;0;0;0;0;0;0;0;0;0;0;0;0;0;0;0;0;0;0;0;0;0;0;0;0;0;0;0;0;0;0;0;0;0;0;0;0;0;0;7;0;6;0;6;0;6;0;6;0;6;0;6
analysis;org.apache.lucene.analysis.tokenattributes.TypeAttributeImpl;0;0;0;0;0;0;0;0;0;0;0;0;0;0;0;0;0;0;0;0;0;0;0;0;0;0;0;0;0;0;0;0;0;0;0;1;0;1;0;1;0;1;0;1;0;0;0;0;0;0;0;0;0;0;0;0;0;0;0;0;0;0;0;0;0;0;0;0;0;0;0;0;0;0
store;org.apache.lucene.store.RAMDirectory;0;1;0;1;0;1;0;1;0;1;0;1;0;1;0;1;0;1;0;1;0;1;0;1;0;1;0;1;0;1;0;1;0;1;0;1;0;1;0;1;0;1;0;1;0;1;0;1;0;1;0;1;0;1;0;1;0;1;0;1;0;1;0;1;0;1;0;1;0;1;0;1;0;1
index;org.apache.lucene.index.codecs.standard.StandardPostingsWriterImpl;0;1;0;1;0;1;0;1;0;1;0;1;0;1;0;1;0;1;0;1;0;1;0;0;0;0;0;0;0;0;0;0;0;0;0;0;0;0;0;0;0;0;0;0;0;0;0;0;0;0;0;0;0;0;0;0;0;0;0;0;0;0;0;0;0;0;0;0;0;0;0;0;0;0
index;org.apache.lucene.index.Term;0;0;0;0;0;0;0;0;0;0;0;0;0;0;0;0;0;0;0;0;0;0;0;0;0;0;0;0;0;0;0;0;0;0;0;0;0;0;0;0;0;0;0;0;0;0;0;0;0;0;0;0;0;0;0;0;0;0;0;0;1;0;1;0;1;0;1;0;1;0;1;0;1;0
search;org.apache.lucene.search.Query;2;0;2;0;2;0;2;0;2;0;2;0;2;0;2;0;2;0;2;0;2;0;2;0;2;0;2;0;2;0;2;0;2;0;2;0;2;0;2;0;2;0;2;0;2;0;2;0;2;0;3;0;3;0;3;0;3;0;3;0;3;0;3;0;3;0;4;0;4;0;4;0;4;0
document;org.apache.lucene.document.Field;0;1;0;1;0;1;0;1;0;1;0;1;0;1;0;1;0;1;0;1;0;1;0;1;0;1;0;1;0;1;0;1;0;1;0;1;0;1;0;1;0;1;0;1;0;1;0;1;0;1;0;1;0;1;0;1;0;1;0;1;0;1;0;1;0;1;0;1;0;1;0;1;0;1
util;org.apache.lucene.util.packed.PackedInts;0;3;0;3;0;3;0;3;0;3;0;3;0;3;0;3;0;3;0;3;0;3;0;3;0;3;0;3;0;3;0;3;0;3;0;3;0;3;0;3;0;3;0;3;0;3;0;3;0;3;0;3;0;3;0;3;0;3;0;3;0;3;0;3;0;3;0;3;0;3;0;3;0;3
util;org.apache.lucene.util.BitVector;0;6;0;6;0;6;0;6;0;6;0;6;0;6;0;6;0;6;0;6;0;6;0;6;0;6;0;6;0;6;0;6;0;6;0;6;0;6;0;6;0;6;0;6;0;6;0;6;0;6;0;6;0;6;0;6;0;6;0;6;0;6;0;6;0;6;0;6;0;6;0;6;0;6
index;org.apache.lucene.index.MultiTermsEnum;0;1;0;1;0;1;0;1;0;1;0;1;0;1;0;1;0;1;0;1;0;1;0;1;0;1;0;1;0;1;0;1;0;1;0;1;0;1;0;1;0;1;0;1;0;1;0;1;0;1;0;1;0;1;0;1;0;1;0;1;0;1;0;1;0;1;0;1;0;1;0;1;0;1
search;org.apache.lucene.search.FieldCacheImpl;1;0;1;0;1;0;1;0;1;0;1;0;1;0;1;0;1;0;1;0;1;0;1;0;1;0;1;0;1;0;1;0;1;0;1;0;1;0;1;0;1;0;1;0;1;0;1;0;1;0;1;0;1;0;1;0;1;0;1;0;1;0;1;0;1;0;1;0;1;0;1;0;1;0
index;org.apache.lucene.index.ReadOnlyDirectoryReader;0;2;0;2;0;2;0;2;0;2;0;2;0;2;0;2;0;2;0;2;0;0;0;0;0;0;0;0;0;0;0;0;0;0;0;0;0;0;0;0;0;0;0;0;0;0;0;0;0;0;0;0;0;0;0;0;0;0;0;0;0;0;0;0;0;0;0;0;0;0;0;0;0;0
util;null;1;1;1;1;1;1;1;1;1;1;1;1;1;1;1;1;1;1;1;1;1;1;1;1;1;1;1;1;1;1;1;1;1;1;1;1;1;1;1;1;1;1;1;1;1;1;1;1;1;1;1;1;1;1;1;1;1;1;1;1;1;1;1;1;1;1;1;1;1;1;1;1;1;1
util;org.apache.lucene.util.UnicodeUtil;1;0;1;0;1;0;1;0;1;0;1;0;1;0;1;0;1;0;1;0;1;0;1;0;1;0;1;0;1;0;1;0;1;0;1;0;1;0;1;0;1;0;1;0;1;0;1;0;1;0;1;0;1;0;1;0;1;0;1;0;1;0;1;0;1;0;1;0;1;0;1;0;1;0
index;org.apache.lucene.index.codecs.MappingMultiDocsEnum;0;1;0;1;0;1;0;1;0;1;0;1;0;1;0;1;0;1;0;1;0;1;0;1;0;1;0;1;0;1;0;1;0;1;0;1;0;1;0;1;0;1;0;1;0;1;0;1;0;1;0;1;0;1;0;1;0;1;0;1;0;1;0;1;0;1;0;1;0;1;0;1;0;1
search;org.apache.lucene.search.DocIdSet;3;0;3;0;3;0;3;0;3;0;3;0;3;0;3;0;3;0;3;0;3;0;3;0;3;0;3;0;3;0;3;0;3;0;3;0;3;0;3;0;3;0;3;0;3;0;3;0;3;0;3;0;3;0;3;0;3;0;3;0;3;0;3;0;3;0;3;0;3;0;3;0;3;0
search;org.apache.lucene.search.ScoringRewrite;0;0;0;0;0;0;0;0;0;0;0;0;0;0;0;0;0;0;0;0;0;0;0;0;0;0;0;0;0;0;0;0;0;0;0;0;0;0;0;0;0;0;0;0;1;0;1;0;1;0;1;0;1;0;1;0;1;0;1;0;0;0;0;0;0;0;0;0;0;0;0;0;0;0
analysis;org.apache.lucene.analysis.tokenattributes.OffsetAttributeImpl;0;0;0;0;0;0;0;0;0;0;0;0;0;0;0;0;0;0;0;0;0;0;0;0;0;0;0;0;0;0;0;0;0;0;0;1;0;1;0;1;0;1;0;1;0;0;0;0;0;0;0;0;0;0;0;0;0;0;0;0;0;0;0;0;0;0;0;0;0;0;0;0;0;0
index;org.apache.lucene.index.SegmentDeletes;0;0;0;0;0;0;0;0;0;0;0;0;0;0;0;0;0;0;0;0;0;0;0;0;0;0;0;0;0;0;0;0;0;0;0;0;0;0;0;0;0;0;0;0;0;0;0;0;0;0;0;1;0;1;0;1;0;1;0;1;0;1;0;1;0;0;0;0;0;0;0;0;0;0
util;org.apache.lucene.util.automaton.fst.Outputs;0;0;0;0;0;0;0;0;0;0;0;0;0;0;0;0;0;0;0;0;0;0;0;0;0;0;0;0;0;0;0;0;0;0;0;0;0;0;0;0;0;0;0;0;0;0;0;0;0;0;0;2;0;2;0;2;0;2;0;2;0;2;0;2;0;2;0;2;0;2;0;2;0;2
util;org.apache.lucene.util.DoubleBarrelLRUCache;0;1;0;1;0;1;0;1;0;1;0;1;0;1;0;1;0;1;0;1;0;1;0;0;0;0;0;0;0;0;0;0;0;0;0;0;0;0;0;0;0;0;0;0;0;0;0;0;0;0;0;0;0;0;0;0;0;0;0;0;0;0;0;0;0;0;0;0;0;0;0;0;0;0
util;org.apache.lucene.util.automaton.fst.NoOutputs;0;0;0;0;0;0;0;0;0;0;0;0;0;0;0;0;0;0;0;0;0;0;0;0;0;0;0;0;0;0;0;0;0;0;0;0;0;0;0;0;0;0;0;0;0;0;0;0;0;0;0;2;0;2;0;2;0;2;0;2;0;2;0;2;0;2;0;2;0;2;0;2;0;2
search;org.apache.lucene.search.BooleanScorer;12;0;12;0;12;0;12;0;12;0;12;0;12;0;12;0;12;0;12;0;12;0;12;0;12;0;12;0;12;0;12;0;12;0;12;0;12;0;12;0;12;0;12;0;13;0;13;0;13;0;13;0;13;0;13;0;13;0;13;0;13;0;13;0;13;0;13;0;13;0;13;0;13;0
util;org.apache.lucene.util.IOUtils;1;0;1;0;1;0;1;0;1;0;1;0;1;0;1;0;1;0;1;0;1;0;1;0;1;0;1;0;1;0;1;0;1;0;1;0;1;0;1;0;1;0;1;0;1;0;1;0;1;0;1;0;1;0;1;0;1;0;1;0;1;0;1;0;1;0;1;0;1;0;1;0;1;0
index;org.apache.lucene.index.MultiReader;2;3;2;3;2;3;2;3;2;3;2;3;2;3;2;3;2;3;2;3;2;3;2;3;2;3;2;3;2;3;2;3;2;3;2;3;2;3;2;3;2;3;2;3;2;3;2;3;2;3;2;3;2;3;2;3;2;3;2;3;3;2;3;2;3;1;3;1;3;1;3;1;3;1
util;org.apache.lucene.util.DocIdBitSet;0;3;0;4;0;3;0;4;0;3;0;3;0;3;0;3;0;4;0;4;0;4;0;3;0;3;0;4;0;3;0;4;0;3;0;4;0;3;0;3;0;4;0;4;0;3;0;4;0;3;0;3;0;3;0;4;0;3;0;4;0;4;0;3;0;3;0;3;0;4;0;3;0;4
index;org.apache.lucene.index.IndexReader;1;0;1;0;1;0;1;0;1;0;1;0;1;0;1;0;1;0;1;0;1;0;1;0;1;0;1;0;1;0;1;0;1;0;1;0;1;0;1;0;1;0;1;0;1;0;1;0;1;0;1;0;1;0;1;0;1;0;1;0;2;0;2;0;2;0;2;0;2;0;2;0;2;0
index;org.apache.lucene.index.SegmentReader;0;1;0;1;0;1;0;1;0;1;0;1;0;1;0;1;0;1;0;1;0;2;0;2;0;2;0;2;0;2;0;2;0;2;0;2;0;2;0;2;0;2;0;2;0;2;0;2;0;2;0;2;0;2;0;2;0;2;0;2;0;1;0;1;0;0;0;0;0;0;0;0;0;0
index;org.apache.lucene.index.CorruptIndexException;1;0;1;0;1;0;1;0;1;0;1;0;1;0;1;0;1;0;1;0;1;0;1;0;1;0;1;0;1;0;1;0;1;0;1;0;1;0;1;0;1;0;1;0;1;0;1;0;1;0;1;0;1;0;1;0;1;0;1;0;1;0;1;0;1;0;1;0;1;0;1;0;1;0
store;org.apache.lucene.store.IndexOutput;4;0;4;0;4;0;4;0;4;0;4;0;4;0;4;0;4;0;4;0;4;0;4;0;4;0;4;0;4;0;4;0;4;0;4;0;4;0;4;0;4;0;4;0;4;0;4;0;4;0;5;0;5;0;5;0;5;0;5;0;5;0;5;0;5;0;5;0;5;0;5;0;5;0
util;org.apache.lucene.util.PagedBytes;0;2;0;2;0;2;0;2;0;2;0;2;0;2;0;2;0;2;0;2;0;2;0;2;0;2;0;2;0;2;0;2;0;2;0;2;0;2;0;2;0;2;0;2;0;2;0;2;0;2;0;2;0;2;0;2;0;2;0;2;0;2;0;2;0;2;0;2;0;2;0;2;0;2
analysis;org.apache.lucene.analysis.tokenattributes.TermToBytesRefAttribute;1;0;1;0;1;0;1;0;1;0;1;0;1;0;1;0;1;0;1;0;1;0;1;0;1;0;1;0;1;0;1;0;1;0;1;0;1;0;1;0;1;0;1;0;1;0;1;0;1;0;1;0;1;0;1;0;1;0;1;0;1;0;1;0;1;0;1;0;1;0;1;0;1;0
analysis;org.apache.lucene.analysis.NumericTokenStream;2;0;2;0;2;0;2;0;2;0;2;0;2;0;2;0;2;0;2;0;2;0;2;0;2;0;2;0;2;0;2;0;2;0;2;1;2;1;2;1;2;1;2;1;2;0;2;0;2;0;2;0;2;0;2;0;2;0;2;0;2;0;2;0;2;0;2;0;2;0;2;0;2;0
search;org.apache.lucene.search.spans.NearSpansUnordered;2;0;2;0;2;0;2;0;2;0;2;0;2;0;2;0;2;0;2;0;2;0;2;0;2;0;2;0;2;0;2;0;2;0;2;0;2;0;2;0;2;0;2;0;2;0;2;0;2;0;2;0;2;0;2;0;2;0;2;0;2;0;2;0;2;0;2;0;2;0;2;0;2;0
analysis;org.apache.lucene.analysis.tokenattributes.KeywordAttributeImpl;0;0;0;0;0;0;0;0;0;0;0;0;0;0;0;0;0;0;0;0;0;0;0;0;0;0;0;0;0;0;0;0;0;0;0;1;0;1;0;1;0;1;0;1;0;0;0;0;0;0;0;0;0;0;0;0;0;0;0;0;0;0;0;0;0;0;0;0;0;0;0;0;0;0
search;org.apache.lucene.search.BooleanQuery;1;0;1;0;1;0;1;0;1;0;1;0;1;0;1;0;1;0;1;0;1;0;1;0;1;0;1;0;1;0;1;0;1;0;1;0;1;0;1;0;1;0;1;0;1;0;1;0;1;0;1;0;1;0;1;0;1;0;1;0;1;0;1;0;1;0;1;0;1;0;1;0;1;0
index;org.apache.lucene.index.TermsEnum;0;0;0;0;0;0;0;0;0;0;0;0;0;0;0;0;0;0;0;0;0;0;0;0;0;0;0;0;0;0;0;0;0;0;0;0;0;0;0;0;0;0;0;0;0;0;0;0;0;0;0;0;0;0;0;0;0;0;0;0;1;0;1;0;1;0;1;0;1;0;1;0;1;0
index;org.apache.lucene.index.FilterIndexReader;0;2;0;2;0;2;0;2;0;2;0;2;0;2;0;2;0;2;0;2;0;2;0;2;0;2;0;2;0;2;0;2;0;2;0;2;0;2;0;2;0;2;0;2;0;2;0;2;0;2;0;2;0;2;0;2;0;2;0;2;0;2;0;2;0;1;0;1;0;1;0;1;0;1
util;org.apache.lucene.util.packed.Packed32;0;2;0;2;0;2;0;2;0;2;0;2;0;2;0;2;0;2;0;2;0;2;0;2;0;2;0;2;0;2;0;2;0;2;0;2;0;2;0;2;0;2;0;2;0;2;0;2;0;2;0;2;0;2;0;2;0;2;0;2;0;2;0;2;0;2;0;2;0;2;0;2;0;2
index;org.apache.lucene.index.codecs.standard.StandardPostingsReader;0;0;0;0;0;0;0;0;0;0;0;0;0;0;0;0;0;0;0;0;0;0;0;0;0;0;0;0;0;0;0;0;0;0;0;0;0;0;0;0;0;0;0;0;0;1;0;1;0;1;0;1;0;1;0;1;0;1;0;1;0;1;0;1;0;1;0;1;0;1;0;1;0;1
analysis;org.apache.lucene.analysis.tokenattributes.PositionIncrementAttribute;1;0;1;0;1;0;1;0;1;0;1;0;1;0;1;0;1;0;1;0;1;0;1;0;1;0;1;0;1;0;1;0;1;0;1;0;1;0;1;0;1;0;1;0;1;0;1;0;1;0;1;0;1;0;1;0;1;0;1;0;1;0;1;0;1;0;1;0;1;0;1;0;1;0
index;org.apache.lucene.index.DocsEnum;0;1;0;1;0;1;0;1;0;1;0;1;0;1;0;1;0;1;0;1;0;1;0;1;0;1;0;1;0;1;0;1;0;1;0;1;0;1;0;1;0;1;0;1;0;1;0;1;0;1;0;1;0;1;0;1;0;1;0;1;0;1;0;1;0;1;0;1;0;1;0;1;0;1
index;org.apache.lucene.index.codecs.standard.StandardTermsDictReader;1;0;1;0;1;0;1;0;1;0;1;0;1;0;1;0;1;0;1;0;1;0;0;0;0;0;0;0;0;0;0;0;0;0;0;0;0;0;0;0;0;0;0;0;0;0;0;0;0;0;0;0;0;0;0;0;0;0;0;0;0;0;0;0;0;0;0;0;0;0;0;0;0;0
util;org.apache.lucene.util.automaton.fst.PositiveIntOutputs;0;0;0;0;0;0;0;0;0;0;0;0;0;0;0;0;0;0;0;0;0;0;0;0;0;0;0;0;0;0;0;0;0;0;0;0;0;0;0;0;0;0;0;0;0;0;0;0;0;0;0;4;0;4;0;4;0;4;0;4;0;4;0;4;0;4;0;4;0;4;0;4;0;4
index;org.apache.lucene.index.CheckIndex;0;1;0;1;0;1;0;1;0;1;0;1;0;1;0;1;0;1;0;1;0;1;0;5;0;5;0;5;0;5;0;5;0;5;0;5;0;5;0;5;0;5;0;5;0;5;0;5;0;5;0;5;0;5;0;5;0;5;0;4;0;4;0;4;0;4;0;4;0;4;0;4;0;4
util;org.apache.lucene.util.BytesRefHash;0;0;0;0;0;0;0;0;0;0;0;0;0;0;0;0;0;0;0;0;0;0;0;1;0;1;0;1;0;1;0;1;0;1;0;0;0;0;0;0;0;0;0;0;0;2;0;2;0;2;0;2;0;2;0;2;0;2;0;2;0;1;0;1;0;1;0;1;0;1;0;1;0;1
util;org.apache.lucene.util.ThreadInterruptedException;3;0;3;0;3;0;3;0;3;0;3;0;3;0;3;0;3;0;3;0;3;0;3;0;3;0;3;0;3;0;3;0;3;0;3;0;3;0;3;0;3;0;3;0;3;0;3;0;3;0;3;0;3;0;3;0;3;0;3;0;3;0;3;0;3;0;3;0;3;0;3;0;3;0
store;org.apache.lucene.store.IndexInput;11;0;11;0;11;0;11;0;11;0;11;0;11;0;11;0;11;0;11;0;11;0;11;0;11;0;11;0;11;0;11;0;11;0;11;0;11;0;11;0;11;0;11;0;11;0;11;0;11;0;12;0;12;0;12;0;12;0;12;0;12;0;12;0;12;0;12;0;12;0;12;0;12;0
analysis;org.apache.lucene.analysis.TokenStream;4;0;4;0;4;0;4;0;4;0;4;0;4;0;4;0;4;0;4;0;4;0;4;0;4;0;4;0;4;0;4;0;4;0;4;0;4;0;4;0;4;0;4;0;4;0;4;0;4;0;4;0;4;0;4;0;4;0;4;0;4;0;4;0;4;0;4;0;4;0;4;0;4;0
index;org.apache.lucene.index.ReadOnlySegmentReader;0;1;0;1;0;1;0;1;0;1;0;1;0;1;0;1;0;1;0;1;0;0;0;0;0;0;0;0;0;0;0;0;0;0;0;0;0;0;0;0;0;0;0;0;0;0;0;0;0;0;0;0;0;0;0;0;0;0;0;0;0;0;0;0;0;0;0;0;0;0;0;0;0;0
analysis;org.apache.lucene.analysis.tokenattributes.PositionIncrementAttributeImpl;0;0;0;0;0;0;0;0;0;0;0;0;0;0;0;0;0;0;0;0;0;0;0;0;0;0;0;0;0;0;0;0;0;0;0;1;0;1;0;1;0;1;0;1;0;0;0;0;0;0;0;0;0;0;0;0;0;0;0;0;0;0;0;0;0;0;0;0;0;0;0;0;0;0
util;org.apache.lucene.util.FieldCacheSanityChecker;0;3;0;3;0;3;0;3;0;3;0;3;0;3;0;3;0;3;0;3;0;3;0;3;0;3;0;3;0;3;0;3;0;3;0;3;0;3;0;3;0;3;0;3;0;3;0;3;0;3;0;3;0;3;0;3;0;3;0;3;0;3;0;3;0;3;0;3;0;3;0;3;0;3
analysis;org.apache.lucene.analysis.tokenattributes.FlagsAttributeImpl;1;0;1;0;1;0;1;0;1;0;1;0;1;0;1;0;1;0;1;0;1;0;1;0;1;0;1;0;1;0;1;0;1;0;0;1;0;1;0;1;0;1;0;1;1;0;1;0;1;0;1;0;1;0;1;0;1;0;1;0;1;0;1;0;1;0;1;0;1;0;1;0;1;0
util;org.apache.lucene.util.packed.Direct32;0;2;0;2;0;2;0;2;0;2;0;2;0;2;0;2;0;2;0;2;0;2;0;2;0;2;0;2;0;2;0;2;0;2;0;2;0;2;0;2;0;2;0;2;0;2;0;2;0;2;0;2;0;2;0;2;0;2;0;2;0;2;0;2;0;2;0;2;0;2;0;2;0;2
util;org.apache.lucene.util.automaton.fst.PairOutputs;0;0;0;0;0;0;0;0;0;0;0;0;0;0;0;0;0;0;0;0;0;0;0;0;0;0;0;0;0;0;0;0;0;0;0;0;0;0;0;0;0;0;0;0;0;0;0;0;0;0;0;2;0;2;0;2;0;2;0;2;0;2;0;2;0;2;0;2;0;2;0;2;0;2
analysis;org.apache.lucene.analysis.Token;0;1;0;1;0;1;0;1;0;1;0;1;0;1;0;1;0;1;0;1;0;1;0;1;0;1;0;1;0;1;0;1;0;1;0;1;0;1;0;1;0;1;0;1;0;1;0;1;0;1;0;1;0;1;0;1;0;1;0;1;0;1;0;1;0;1;0;1;0;1;0;1;0;1
search;org.apache.lucene.search.Similarity;7;0;7;0;7;0;7;0;7;0;7;0;7;0;7;0;7;0;7;0;7;0;7;0;7;0;7;0;7;0;7;0;7;0;7;0;7;0;7;0;7;0;7;0;7;0;7;0;6;0;6;0;6;0;6;0;6;0;9;0;3;0;3;0;1;0;1;0;1;0;1;0;1;0
analysis;org.apache.lucene.analysis.tokenattributes.CharTermAttributeImpl;0;0;0;0;0;0;0;0;0;0;0;0;0;0;0;0;0;0;0;0;0;0;0;0;0;0;0;0;0;0;0;0;0;0;0;1;0;1;0;1;0;1;0;1;0;0;0;0;0;0;0;0;0;0;0;0;0;0;0;0;0;0;0;0;0;0;0;0;0;0;0;0;0;0
store;org.apache.lucene.store.SingleInstanceLock;0;1;0;1;0;1;0;1;0;1;0;1;0;1;0;1;0;1;0;1;0;1;0;1;0;1;0;1;0;1;0;1;0;1;0;1;0;1;0;1;0;1;0;1;0;1;0;1;0;1;0;1;0;1;0;1;0;1;0;1;0;1;0;1;0;1;0;1;0;1;0;1;0;1
analysis;org.apache.lucene.analysis.tokenattributes.PayloadAttributeImpl;0;1;0;1;0;1;0;1;0;1;0;1;0;1;0;1;0;1;0;1;0;1;0;1;0;1;0;1;0;1;0;1;0;1;0;2;0;2;0;2;0;2;0;2;0;1;0;1;0;1;0;1;0;1;0;1;0;1;0;1;0;1;0;1;0;1;0;1;0;1;0;1;0;1
util;org.apache.lucene.util.AttributeSource;0;1;0;1;0;1;0;1;0;1;0;1;0;1;0;1;0;1;0;1;0;1;0;1;0;1;0;1;0;1;0;1;0;1;0;1;0;1;0;1;0;1;0;1;0;1;0;1;0;1;0;1;0;1;0;1;0;1;0;1;0;1;0;1;0;1;0;1;0;1;0;1;0;1
store;org.apache.lucene.store.FSDirectory;1;3;1;3;1;3;1;3;1;3;1;3;1;3;1;3;1;3;1;3;1;3;1;3;1;3;1;3;1;3;1;3;1;3;1;3;1;3;1;3;1;3;1;3;1;3;1;3;1;3;1;3;1;3;1;3;1;3;1;3;1;3;1;3;1;3;1;3;1;3;1;3;1;3
index;org.apache.lucene.index.IndexWriter;0;2;0;2;0;2;0;2;0;2;0;2;0;2;0;2;0;2;0;2;0;2;0;2;0;2;0;2;0;2;0;2;0;2;0;2;0;2;0;2;0;2;0;2;0;2;0;2;0;1;0;1;0;1;0;1;0;1;0;1;0;1;0;1;0;1;0;1;0;1;0;1;0;1
search;org.apache.lucene.search.Weight;0;0;0;0;0;0;0;0;0;0;0;0;0;0;0;0;0;0;0;0;0;0;0;0;0;0;0;0;0;0;0;0;0;0;0;0;0;0;0;0;0;0;0;0;0;0;0;0;0;0;0;0;0;0;0;0;0;0;0;0;1;0;1;0;1;0;1;0;1;0;1;0;1;0
util;org.apache.lucene.util.automaton.fst.ByteSequenceOutputs;0;0;0;0;0;0;0;0;0;0;0;0;0;0;0;0;0;0;0;0;0;0;0;0;0;0;0;0;0;0;0;0;0;0;0;0;0;0;0;0;0;0;0;0;0;0;0;0;0;0;0;4;0;4;0;4;0;4;0;4;0;4;0;4;0;4;0;4;0;4;0;4;0;4
util;org.apache.lucene.util.ReaderUtil;0;3;0;3;0;3;0;3;0;3;0;3;0;3;0;3;0;3;0;3;0;3;0;3;0;3;0;3;0;3;0;3;0;3;0;3;0;3;0;3;0;3;0;3;0;2;0;2;0;2;0;2;0;2;0;2;0;2;0;2;0;2;0;2;0;2;0;2;0;2;0;2;0;2
util;org.apache.lucene.util.packed.Direct8;0;2;0;2;0;2;0;2;0;2;0;2;0;2;0;2;0;2;0;2;0;2;0;2;0;2;0;2;0;2;0;2;0;2;0;2;0;2;0;2;0;2;0;2;0;2;0;2;0;2;0;2;0;2;0;2;0;2;0;2;0;2;0;2;0;2;0;2;0;2;0;2;0;2
index;org.apache.lucene.index.DocumentsWriter;0;6;0;6;0;6;0;6;0;6;0;6;0;6;0;6;0;6;0;6;0;6;0;6;0;6;0;6;0;6;0;6;0;6;0;6;0;6;0;6;0;6;0;6;0;6;0;6;0;6;0;2;0;2;0;2;0;2;0;2;0;2;0;2;0;2;0;2;0;2;0;2;0;2
util;org.apache.lucene.util.BytesRef;1;0;1;0;1;0;1;0;1;0;1;0;1;0;1;0;1;0;1;0;1;0;1;0;1;0;1;0;1;0;1;0;1;0;1;0;1;0;1;0;1;0;1;0;1;0;1;0;1;0;1;0;1;0;1;0;1;0;1;0;1;0;1;0;1;0;1;0;1;0;1;0;1;0
util;org.apache.lucene.util.automaton.fst.IntSequenceOutputs;0;0;0;0;0;0;0;0;0;0;0;0;0;0;0;0;0;0;0;0;0;0;0;0;0;0;0;0;0;0;0;0;0;0;0;0;0;0;0;0;0;0;0;0;0;0;0;0;0;0;0;4;0;4;0;4;0;4;0;4;0;4;0;4;0;4;0;4;0;4;0;4;0;4
search;org.apache.lucene.search.FieldCache;6;0;6;0;6;0;6;0;6;0;6;0;6;0;6;0;6;0;6;0;6;0;6;0;6;0;6;0;6;0;6;0;6;0;6;0;6;0;6;0;6;0;6;0;6;0;6;0;6;0;6;0;6;0;6;0;6;0;6;0;6;0;6;0;1;0;1;0;1;0;1;0;1;0
store;org.apache.lucene.store.BufferedIndexOutput;3;2;3;2;3;2;3;2;3;2;3;2;3;2;3;2;3;2;3;2;3;2;3;2;3;2;3;2;3;2;3;2;3;2;3;2;3;2;3;2;3;2;3;2;3;2;3;2;3;2;7;2;7;2;7;2;7;2;7;2;7;2;7;2;7;2;7;2;7;2;7;2;7;2
index;org.apache.lucene.index.NormsWriter;0;0;0;0;0;0;0;0;0;0;0;0;0;0;0;0;0;0;0;0;0;0;0;0;0;0;0;0;0;0;0;0;0;0;0;0;0;0;0;0;0;0;0;0;0;0;0;0;0;0;0;0;0;0;0;0;0;0;0;1;0;0;0;0;0;0;0;0;0;0;0;0;0;0
analysis;org.apache.lucene.analysis.CachingTokenFilter;1;0;1;0;1;0;1;0;1;0;1;0;1;0;1;0;1;0;1;0;1;0;1;0;1;0;1;0;1;0;1;0;1;0;1;0;1;0;1;0;1;0;1;0;1;0;1;0;1;0;1;0;1;0;1;0;1;0;1;0;1;0;1;0;1;0;1;0;1;0;1;0;1;0
index;org.apache.lucene.index.IndexFormatTooNewException;1;0;1;0;1;0;1;0;1;0;1;0;1;0;1;0;1;0;1;0;1;0;1;0;1;0;1;0;1;0;1;0;1;0;1;0;1;0;1;0;1;0;1;0;1;0;1;0;1;0;1;0;1;0;1;0;1;0;1;0;1;0;1;0;1;0;1;0;1;0;1;0;1;0
index;org.apache.lucene.index.SegmentMerger;1;0;1;0;1;0;1;0;1;0;1;0;1;0;1;0;1;0;1;0;1;0;1;0;1;0;1;0;1;0;1;0;1;0;1;0;1;0;1;0;1;0;1;0;0;0;0;0;0;0;0;0;0;0;0;0;0;0;0;0;0;0;0;0;0;0;0;0;0;0;0;0;0;0
index;org.apache.lucene.index.BufferedDeletes;0;0;0;0;0;0;0;0;0;0;0;0;0;0;0;0;0;0;0;0;0;0;0;0;0;0;0;0;0;0;0;0;0;0;0;0;0;0;0;0;0;0;0;0;0;0;0;0;0;0;0;4;0;4;0;4;0;4;0;4;0;5;0;5;0;1;0;1;0;1;0;1;0;1
search;org.apache.lucene.search.MultiSearcher;0;0;0;0;0;0;0;0;0;0;0;0;0;0;0;0;0;0;0;0;0;0;1;0;1;0;1;0;1;0;1;0;1;0;1;0;1;0;1;0;1;0;1;0;1;0;1;0;1;0;1;0;1;0;1;0;1;0;0;0;0;0;0;0;0;0;0;0;0;0;0;0;0;0
store;org.apache.lucene.store.AlreadyClosedException;1;0;1;0;1;0;1;0;1;0;1;0;1;0;1;0;1;0;1;0;1;0;1;0;1;0;1;0;1;0;1;0;1;0;1;0;1;0;1;0;1;0;1;0;1;0;1;0;1;0;1;0;1;0;1;0;1;0;1;0;1;0;1;0;1;0;1;0;1;0;1;0;1;0
index;org.apache.lucene.index.codecs.preflex.PreFlexFields;0;0;0;0;0;0;0;0;0;0;0;0;0;0;0;0;0;0;0;0;0;0;0;0;0;0;0;0;0;0;0;0;0;0;0;0;0;0;0;0;0;0;0;0;0;0;0;0;0;0;0;0;0;0;0;0;0;0;0;0;1;0;1;0;1;0;1;0;1;0;1;0;1;0
util;org.apache.lucene.util.CodecUtil;0;7;0;7;0;7;0;7;0;7;0;7;0;7;0;7;0;7;0;7;0;7;0;7;0;7;0;7;0;7;0;7;0;7;0;7;0;7;0;7;0;7;0;7;0;7;0;7;0;7;0;7;0;7;0;7;0;7;0;7;0;7;0;7;0;7;0;7;0;7;0;7;0;7
search;org.apache.lucene.search.Scorer;1;0;1;0;1;0;1;0;1;0;1;0;1;0;1;0;1;0;1;0;1;0;1;0;1;0;1;0;1;0;1;0;1;0;1;0;1;0;1;0;1;0;1;0;1;0;1;0;1;0;1;0;1;0;1;0;1;0;1;0;1;0;1;0;1;0;1;0;1;0;1;0;1;0
search;org.apache.lucene.search.TermQuery;0;0;0;0;0;0;0;0;0;0;0;0;0;0;0;0;0;0;0;0;0;0;1;0;1;0;1;0;1;0;1;0;1;0;1;0;1;0;1;0;1;0;1;0;1;0;1;0;1;0;1;0;1;0;1;0;1;0;1;0;1;0;1;0;1;0;1;0;1;0;1;0;1;0
index;org.apache.lucene.index.NormsWriterPerField;0;1;0;1;0;1;0;1;0;1;0;1;0;1;0;1;0;1;0;1;0;1;0;1;0;1;0;1;0;1;0;1;0;1;0;1;0;1;0;1;0;1;0;1;0;1;0;1;0;1;0;1;0;1;0;1;0;1;0;1;0;1;0;1;0;2;0;2;0;2;0;2;0;2
index;org.apache.lucene.index.ParallelReader;0;1;0;1;0;1;0;1;0;1;0;1;0;1;0;1;0;1;0;1;0;1;0;1;0;1;0;1;0;1;0;1;0;1;0;1;0;1;0;1;0;1;0;1;0;1;0;1;0;1;0;1;0;1;0;1;0;1;0;2;0;1;0;1;0;0;0;0;0;0;0;0;0;0
analysis;org.apache.lucene.analysis.tokenattributes.PayloadAttribute;0;1;0;1;0;1;0;1;0;1;0;1;0;1;0;1;0;1;0;1;0;1;0;1;0;1;0;1;0;1;0;1;0;1;0;1;0;1;0;1;0;1;0;1;0;1;0;1;0;1;0;1;0;1;0;1;0;1;0;1;0;1;0;1;0;1;0;1;0;1;0;1;0;1
index;org.apache.lucene.index.TermState;0;0;0;0;0;0;0;0;0;0;0;0;0;0;0;0;0;0;0;0;0;0;0;0;0;0;0;0;0;0;0;0;0;0;0;0;0;0;0;0;0;0;0;0;0;0;0;0;0;0;0;0;0;0;0;0;0;0;0;0;1;0;1;0;1;0;1;0;1;0;1;0;1;0
document;org.apache.lucene.document.NumericField;0;2;0;2;0;2;0;2;0;2;0;2;0;2;0;2;0;2;0;2;0;2;0;2;0;2;0;2;0;2;0;2;0;2;0;2;0;2;0;2;0;2;0;2;0;2;0;2;0;2;0;2;0;2;0;2;0;2;0;2;0;2;0;2;0;2;0;2;0;2;0;2;0;2
util;org.apache.lucene.util.packed.Direct16;0;2;0;2;0;2;0;2;0;2;0;2;0;2;0;2;0;2;0;2;0;2;0;2;0;2;0;2;0;2;0;2;0;2;0;2;0;2;0;2;0;2;0;2;0;2;0;2;0;2;0;2;0;2;0;2;0;2;0;2;0;2;0;2;0;2;0;2;0;2;0;2;0;2
util;org.apache.lucene.util.Constants;2;0;2;0;2;0;2;0;2;0;2;0;2;0;2;0;2;0;2;0;2;0;2;0;2;0;2;0;2;0;2;0;2;0;2;0;2;0;2;0;2;0;2;0;2;0;2;0;2;0;2;0;2;0;2;0;2;0;2;0;2;0;2;0;2;0;2;0;2;0;2;0;2;0
index;org.apache.lucene.index.DirectoryReader;0;0;0;0;0;0;0;0;0;0;0;0;0;0;0;0;0;0;0;0;0;2;0;2;0;2;0;2;0;2;0;2;0;2;0;2;0;2;0;2;0;2;0;2;0;2;0;2;0;2;0;2;0;2;0;2;0;2;0;1;0;1;0;1;0;0;0;0;0;0;0;0;0;0
queryparser;org.apache.lucene.queryParser.MultiFieldQueryParser;0;5;0;5;0;5;0;5;0;5;0;5;0;5;0;5;0;5;0;5;0;5;0;5;0;5;0;5;0;5;0;5;0;5;0;5;0;5;0;5;0;5;0;5;0;5;0;5;0;5;0;5;0;5;0;5;0;5;0;5;0;5;0;5;0;5;0;5;0;5;0;5;0;5
util;org.apache.lucene.util.packed.PackedWriter;0;2;0;2;0;2;0;2;0;2;0;2;0;2;0;2;0;2;0;2;0;2;0;2;0;2;0;2;0;2;0;2;0;2;0;2;0;2;0;2;0;2;0;2;0;2;0;2;0;2;0;2;0;2;0;2;0;2;0;2;0;2;0;2;0;2;0;2;0;2;0;2;0;2
